Id,AlarmText,PlcWord,PlcBit,Level,Description
000001,AlreadyHaveCmd,20,0,Warn,Agv already have a transfer command on middler get new transfer command.
000002,LowPowerCharging,20,1,Warn,Watch low power thread is charging can't do new transfer command.
000003,LoadingOff,20,2,Warn,Loading is off after load finished.
000004,CarrierIdReadFail,20,3,Warn,Carrier ID is EMPTY after load finished.
000005,CarrierIdIsError,20,4,Warn,Carrier ID is ERROR after load finished.
000006,MoveFinishFail,20,5,Warn,Move finish fail.
000007,LoadingOn,20,6,Warn,Loading is ON after unload finished.
000008,ForkCommandExist,20,7,Warn,Fork command is exist before unload.
000009,VehicleCannotUnload,20,8,Warn,Vehicle is not in unload position and cannot unload.
000010,ForkCommandExist,20,9,Warn,Fork command is exist before load.
000011,PositionLostWithCmd,20,10,Warn,Vehicle is not in guide sections.
000012,ChargeDirectionError,20,11,Warn,This address is a couple but no charge direction.
000013,StartChargeTimeout,20,12,Warn,Charging is OFF after send start charge command to plc.
000014,StopChargeTimeout,10,0,Alarm,Charging is ON after send stop charge command to plc.
000015,VehicleCannotload,20,14,Warn,Vehicle is not in load position and cannot load.
000016,AlreadyHaveCst,20,15,Warn,Vehicle already have cassette cannot load.
000017,NoCstToUnload,21,0,Warn,Vehicle has no cassette to unload.
000018,MapCheckFail,21,1,Warn,AgvcMoveCommand is not match the map to move.
000019,IsNotTransferCannotOverride,21,2,Warn,Vehicle is not in transfer reject override.
000020,IsNotMoveStepCannotOverride,21,3,Warn,Vehicle is not in moving-step reject override.
000021,IsNotPauseCannotOverride,21,4,Warn,Vehicle is not pause by reserve reject override.
000022,OverrideUnloadAddressUnmatch,21,5,Warn,Unload address unmatch current command unload address.
000023,OverrideLoadAddressUnmatch,21,6,Warn,Load address unmatch current command load address.
000024,OverrideToUnloadIsEmpty,21,7,Warn,ToUnloadSections is empty.
000025,OverrideToLoadIsEmpty,21,8,Warn,ToLoadSections is empty.
000026,CheckOverrideException,21,9,Warn,Exception happened in override-check.
000027,ForkNotHome,10,1,Alarm,Fork not home reject transfer command.
000028,CarrierIdMisMatch,21,10,Warn,Carrier ID is mismatch after load finished.
000029,IsCarrierIdReadReplyTimeout,21,11,Warn,Carrier ID read reply is timeout
000030,VehicleHasAlarm,21,12,Warn,Vehicle has alarm cannot do transfer command.
000031,ManualToAutoFail,21,14,Warn,MoveControl status is not idle cannot switch to auto mode.
000032,ManualToAutoFail,21,15,Warn,Real position is null cannot switch to auto mode.
000033,IsNotTransferCannotAvoid,22,0,Warn,Vehicle is not in transfer reject avoid.
000034,IsNotMoveStepCannotAvoid,22,1,Warn,Vehicle is not in moving-step reject avoid.
000035,IsNotPauseCannotAvoid,22,2,Warn,Vehicle is not pause by reserve reject avoid.
000036,CheckAvoidException,22,3,Warn,Exception happened in avoid-check.
000037,AgvcCallEms,10,2,Alarm,Get EMS from AGVC.
000038,InterlockError,22,4,Warn,Interlock error when loadunload and retry count = 0.
000040,SendWaitTimeout,22,5,Warn,SendWaitTimeout
100000,MoveControl Exception,10,3,Alarm,MoveControl Exception
100001,Send PLC to Stop AGV,22,6,Warn,Send PLC to Stop AGV
100002,Command out of trigger range,10,4,Alarm,Command out of trigger range
100100,Move : Initail Wheel Angle Timeout,10,5,Alarm,Move : Initail Wheel Angle Timeout
100101,Move : Enable allAxis Timeout,10,6,Alarm,Move : Enable allAxis Timeout
100200,Reserve : Get Reserve with MoveControl Idle,22,7,Warn,Reserve : Get Reserve with MoveControl Idle
100201,Reserve : Get Reserve position not math,22,8,Warn,Reserve : Get Reserve position not math
100202,Reserve : Command's Reserve out of ReserveList's Range,10,7,Alarm,Reserve : Command's Reserve out of ReserveList's Range
100300,SlowStop : Timeout,10,8,Alarm,SlowStop : Timeout
100400,STurn : AGV turning too fast,10,9,Alarm,STurn : AGV turning too fast
100401,STurn : AGV turning too slow,10,10,Alarm,STurn : AGV turning too slow
100402,STurn : AGV turning with GroupTurn not Ready,22,9,Warn,STurn : AGV turning with GroupTurn not Ready
100403,STurn : AGV turning with wrong path,10,11,Alarm,STurn : AGV turning with wrong path
100404,STurn : one of wheels turning too slow,10,12,Alarm,STurn : one of wheels turning too slow
100405,STurn : stop in STurn feature distable,10,14,Alarm,STurn : stop in STurn feature distable
100406,STurn : continue in STurn feature distable,10,15,Alarm,STurn : continue in STurn feature distable
100500,RTurn : AGV turning too fast,11,0,Alarm,RTurn : AGV turning too fast
100501,RTurn : AGV turning too slow,11,1,Alarm,RTurn : AGV turning too slow
100502,RTurn : Virtual Axis not Link,11,2,Alarm,RTurn : Virtual Axis not Link
100503,RTurn : Turn direction format error,11,3,Alarm,RTurn : Turn direction format error
100504,RTurn : stop in RTurn feature distable,11,4,Alarm,RTurn : stop in RTurn feature distable
100505,RTurn : RTurn Control timeout,11,5,Alarm,RTurn : RTurn Control timeout
100506,RTurn : stop in can't continue step,11,6,Alarm,RTurn : stop in can't continue step
100507,RTurn : continue in RTurn feature distable,11,7,Alarm,RTurn : continue in RTurn feature distable
100600,StopAndClear : Timeout,11,8,Alarm,StopAndClear : Timeout
100700,SecondCorrection : Timeout,11,9,Alarm,SecondCorrection : Timeout
100701,SecondCorrection : Disable Timeout,11,10,Alarm,SecondCorrection : Disable Timeout
101000,MoveMethod Initail Fail,11,11,Alarm,MoveMethod Initail Fail
101001,MoveMethod Driver Command Fail,11,12,Alarm,MoveMethod Driver Command Fail
101100,MotionDriver_Elmo Initail Fail,11,14,Alarm,MotionDriver_Elmo Initail Fail
101101,MotionDriver_Elmo Connect Fail,11,15,Alarm,MotionDriver_Elmo Connect Fail
101102,MotionDriver_Elmo Axis Setting format error,12,0,Alarm,MotionDriver_Elmo Axis Setting format error
101103,MotionDriver_Elmo Bulk Exception,12,1,Alarm,MotionDriver_Elmo Bulk Exception
101104,MotionDriver_Elmo Disconnect : IPC witch controler,12,2,Alarm,MotionDriver_Elmo Disconnect : IPC witch controler
101105,MotionDriver_Elmo Disconnect : controler witch driver,12,3,Alarm,MotionDriver_Elmo Disconnect : controler witch driver
101110,MotionDriver Axis Error,22,10,Warn,MotionDriver Axis Error
101111,MotionDriver Axis XFL Error,22,11,Warn,MotionDriver Axis XFL Error
101112,MotionDriver Axis XFR Error,22,12,Warn,MotionDriver Axis XFR Error
101113,MotionDriver Axis XRL Error,22,14,Warn,MotionDriver Axis XRL Error
101114,MotionDriver Axis XRR Error,22,15,Warn,MotionDriver Axis XRR Error
101115,MotionDriver Axis TFL Error,23,0,Warn,MotionDriver Axis TFL Error
101116,MotionDriver Axis TFR Error,23,1,Warn,MotionDriver Axis TFR Error
101117,MotionDriver Axis TRL Error,23,2,Warn,MotionDriver Axis TRL Error
101118,MotionDriver Axis TRR Error,23,3,Warn,MotionDriver Axis TRR Error
101119,MotionDriver Axis VXFL Error,23,4,Warn,MotionDriver Axis VXFL Error
101120,MotionDriver Axis VXFR Error,23,5,Warn,MotionDriver Axis VXFR Error
101121,MotionDriver Axis VXRL Error,23,6,Warn,MotionDriver Axis VXRL Error
101122,MotionDriver Axis VXRR Error,23,7,Warn,MotionDriver Axis VXRR Error
101123,MotionDriver Axis VTFL Error,23,8,Warn,MotionDriver Axis VTFL Error
101124,MotionDriver Axis VTFR Error,23,9,Warn,MotionDriver Axis VTFR Error
101125,MotionDriver Axis VTRL Error,23,10,Warn,MotionDriver Axis VTRL Error
101126,MotionDriver Axis VTRR Error,23,11,Warn,MotionDriver Axis VTRR Error
101127,MotionDriver Axis GX Error,23,12,Warn,MotionDriver Axis XFL Error
101128,MotionDriver Axis GT Error,23,14,Warn,MotionDriver Axis XFL Error
102000,LocateControl Initail Fail,12,4,Alarm,LocateControl Initail Fail
102100,LocateDriver_BarcodeMapSystem Initail Fail,12,5,Alarm,LocateDriver_BarcodeMapSystem Initail Fail
102101,LocateDriver_BarcodeMapSystem Connect Fail,12,6,Alarm,LocateDriver_BarcodeMapSystem Connect Fail
102102,LocateDriver_BarcodeMapSystem data format error,12,7,Alarm,LocateDriver_BarcodeMapSystem data format error
102103,LocateDriver_BarcodeMapSystem LON Exception,23,15,Warn,LocateDriver_BarcodeMapSystem LON Exception
102104,LocateDriver_BarcodeMapSystem Error,24,0,Warn,LocateDriver_BarcodeMapSystem Error
102200,LocateDriver_SLAM_Sick Initail Fail,12,8,Alarm,LocateDriver_SLAM_Sick Initail Fail
102201,LocateDriver_SLAM_Sick Connect Fail,12,9,Alarm,LocateDriver_SLAM_Sick Connect Fail
102202,LocateDriver_SLAM_Sick data format error,12,10,Alarm,LocateDriver_SLAM_Sick data format error
102203,LocateDriver_SLAM_Sick wrong locate,24,1,Warn,LocateDriver_SLAM_Sick wrong locate
103000,CreateMoveCommandList Fail,24,2,Warn,CreateMoveCommandList Fail
103100,Can't Override : Can't Pause now,24,3,Warn,Can't Override : Can't Pause now
103101,Can't Override : Override Timeout,12,11,Alarm,Can't Override : Override Timeout
104000,Can't Auto : MoveControl Status is not Idle,24,4,Warn,Can't Auto : MoveControl Status is not Idle
104001,Can't Auto : Motion Driver Disconnect,24,5,Warn,Can't Auto : Motion Driver Disconnect
104002,Can't Auto : MoveCommandControl Intail Fail,24,6,Warn,Can't Auto : MoveCommandControl Intail Fail
104003,Can't Auto : Closing program,24,7,Warn,Can't Auto : Closing program
104004,Can't Auto : Axis Error,24,8,Warn,Can't Auto : Axis Error
104005,Can't Auto : Wait ResetAlarm Finish,24,9,Warn,Can't Auto : Wait ResetAlarm Finish
104006,Can't Auto : JogPitch Action,24,10,Warn,Can't Auto : JogPitch Action
104007,Can't Auto : LocateControl Intail Fail,24,11,Warn,Can't Auto : LocateControl Intail Fail
104008,Can't Auto : Locate Driver Disconnect,24,12,Warn,Can't Auto : Locate Driver Disconnect
104009,Can't Auto : Locate Driver Error,24,14,Warn,Can't Auto : Locate Driver Error
104010,Can't Auto : AutoAction Fail,24,15,Warn,Can't Auto : AutoAction Fail
104100,Reject Move Command : MovecmdInfo data error,25,0,Warn,Reject Move Command : MovecmdInfo data error
104101,Reject Move Command : Closing Program,25,1,Warn,Reject Move Command : Closing Program
104102,Reject Move Command : MoveControl Status is not Idle,25,2,Warn,Reject Move Command : MoveControl Status is not Idle
104103,Reject Move Command : Charging,25,3,Warn,Reject Move Command : Charging
104104,Reject Move Command : Fork isn't in home Status,25,4,Warn,Reject Move Command : Fork isn't in home Status
104105,Reject Move Command : MoveControl driver disconnect,25,5,Warn,Reject Move Command : MoveControl driver disconnect
104106,Reject Move Commandmiddler : No current coordinates,25,6,Warn,Reject Move Command : No current coordinates
104107,Reject Move Command : Not is start position,25,7,Warn,Reject Move Command : Not is start position
104108,Reject Move Command : Not is start AGV angle,25,8,Warn,Reject Move Command : Not is start AGV angle
104109,Reject Move Command : in cancel flow,25,9,Warn,Reject Move Command : in cancel flow
104110,Reject Move Command : in AutoRetry flow,25,10,Warn,Reject Move Command : in AutoRetry flow
104200,SafetyStop : Fork isn't in home Status,12,12,Alarm,SafetyStop : Fork isn't in home Status
104201,SafetyStop : Charging,12,14,Alarm,SafetyStop : Charging
104202,SafetyStop : Excessive angular deviation,12,15,Alarm,SafetyStop : Excessive angular deviation
104203,SafetyStop : Excessive section deviation,13,0,Alarm,SafetyStop : Excessive section deviation
104204,SafetyStop : Too long not read barcode (turn),13,1,Alarm,SafetyStop : Too long not read barcode (turn)
104205,SafetyStop : Too long not read barcode (line),13,2,Alarm,SafetyStop : Too long not read barcode (line)
104206,SafetyStop : AGV Stop without reason,13,3,Alarm,SafetyStop : AGV Stop without reason
104207,SafetyStop : Velocity change error,13,4,Alarm,SafetyStop : Velocity change error
104208,SafetyStop : Axis error,13,5,Alarm,SafetyStop : Axis error
104209,SafetyStop : LocateControl Error,13,6,Alarm,SafetyStop : LocateControl Error
104210,SafetyStop : Stop Request,13,7,Alarm,SafetyStop : Stop Request
104211,SafetyStop : Bumper Stop,13,8,Alarm,SafetyStop : Bumper Stop
104212,SafetyStop : EMO Stop,13,9,Alarm,SafetyStop : EMO Stop
104213,SafetyStop : Delta update value error,13,10,Alarm,SafetyStop : Delta update value error
104300,Can't Reset Alarm : Main Flow Exception,25,11,Warn,Can't Reset Alarm : Main Flow Exception
104301,Can't Reset Alarm : stop in turn flow,25,12,Warn,Can't Reset Alarm : stop in turn flow
104302,Can't Reset Alarm : vehicle not in section,25,14,Warn,Can't Reset Alarm : vehicle not in section
104303,Can't Reset Alarm : Locate Control Error,25,15,Warn,Can't Reset Alarm : Locate Control Error
104304,Can't Reset Alarm : Motion Control Error,26,0,Warn,Can't Reset Alarm : Motion Control Error
104400,Can't AutoReset : Special Alarm,26,1,Warn,Can't AutoReset : Special Alarm
104500,Can't AutoRetry : AutoRetry Count more than config,13,11,Alarm,Can't AutoRetry : AutoRetry Count more than config
104501,Can't AutoRetry : AutoReset fail,13,12,Alarm,Can't AutoRetry : AutoReset fail
104502,Can't AutoRetry : Create Retry MoveCmdInfo fail,13,14,Alarm,Can't AutoRetry : Create Retry MoveCmdInfo fail
104600,BeamSensor singal on Timeout,13,15,Alarm,BeamSensor singal on Timeout
270001,Fork Command Format NG,14,0,Alarm,Fork Command Format NG
270002,Fork Command Read timeout,14,1,Alarm,Fork Command Read timeout
270003,Fork Not Busy timeout,14,2,Alarm,Fork Not Busy timeout
270004,Fork Command Executing timeout,14,3,Alarm,Fork Command Executing timeout
270005,Batterys Charging Time Out,26,2,Warn,Batterys Charging Time Out
270007,Fork Home Flag Waiting timeout,14,4,Alarm,Fork Home Flag Waiting timeout
200000,Alarm/  Warnning Beginning Number,0,0,Alarm,Alarm/  Warnning Beginning Number
200001,Emergency Stop(FR Side)[X013A],0,0,Alarm,Emergency Stop(FR Side)[X013A]
200002,Emergency Stop(FL Side)[X013C],0,0,Alarm,Emergency Stop(FL Side)[X013C]
200003,Emergency Stop(BR Side)[X013D],0,0,Alarm,Emergency Stop(BR Side)[X013D]
200004,Emergency Stop(BL Side)[X013F],0,0,Alarm,Emergency Stop(BL Side)[X013F]
200005,Emergency Stop(Handheld Touch Panel),0,0,Alarm,Emergency Stop(Handheld Touch Panel)
200006,Emergency Stop(xxxxSide),0,0,Alarm,Emergency Stop(xxxxSide)
200007,Emergency Stop(xxxxSide),0,0,Alarm,Emergency Stop(xxxxSide)
200008,System No Power On,0,0,Alarm,System No Power On
200009,284V No Power On,0,0,Alarm,284V No Power On
200010,284V Power Supply No Start,0,0,Alarm,284V Power Supply No Start
200011,284VSupply FAN Error,0,0,Alarm,284VSupply FAN Error
200012,284VSupply Overflow Error,0,0,Alarm,284VSupply Overflow Error
200013,284VSupply Overtemperature Error,0,0,Alarm,284VSupply Overtemperature Error
200014,Safety Relay Not Ready(EMO System),0,0,Alarm,Safety Relay Not Ready(EMO System)
200015, Battery Voltage Not Enough,0,0,Alarm, Battery Voltage Not Enough
200016,Walker Wheel Motor Error(FR Side),0,0,Alarm,Walker Wheel Motor Error(FR Side)
200017,Walker Wheel Motor Error(FL Side),0,0,Alarm,Walker Wheel Motor Error(FL Side)
200018,Walker Wheel Motor Error(BR Side),0,0,Alarm,Walker Wheel Motor Error(BR Side)
200019,Walker Wheel Motor Error(BL Side),0,0,Alarm,Walker Wheel Motor Error(BL Side)
200020,Hand Servo Motor No Power On,0,0,Alarm,Hand Servo Motor No Power On
200021,Car Charging Action Time Out(R Side),0,0,Alarm,Car Charging Action Time Out(R Side)
200022,Car Charging Action Time Out(L Side),0,0,Alarm,Car Charging Action Time Out(L Side)
200023,Coupler_R Side Handshake Signal Off In Charging,0,0,Alarm,Coupler_R Side Handshake Signal Off In Charging
200024,Coupler_L Side Handshake Signal Off In Charging,0,0,Alarm,Coupler_L Side Handshake Signal Off In Charging
200025,,0,0,Alarm,
200026,,0,0,Alarm,
200027,Execute IPC Get/Put Command Time Out,0,0,Alarm,Execute IPC Get/Put Command Time Out
200028,Vehicle Battery Voltage Too Low Error,0,0,Alarm,Vehicle Battery Voltage Too Low Error
200029,Vehicle Battery Voltage Too High Error,0,0,Alarm,Vehicle Battery Voltage Too High Error
200030,Vehicle Battery Temperature Too High Error,0,0,Alarm,Vehicle Battery Temperature Too High Error
200031,,0,0,Alarm,
200032,,0,0,Alarm,
200033,,0,0,Alarm,
200034,,0,0,Alarm,
200035,,0,0,Alarm,
200036,,0,0,Alarm,
200037,,0,0,Alarm,
200038,,0,0,Alarm,
200039,,0,0,Alarm,
200040,Bump Sensor Error(F side)[X0114],0,0,Alarm,Bump Sensor Error(F side)[X0114]
200041,Bump Sensor Error(B side)[X011A],0,0,Alarm,Bump Sensor Error(B side)[X011A]
200042,Bump Sensor Error(L side)[X0134],0,0,Alarm,Bump Sensor Error(L side)[X0134]
200043,Bump Sensor Error(R side)[X0136],0,0,Alarm,Bump Sensor Error(R side)[X0136]
200044,,0,0,Alarm,
200045,,0,0,Alarm,
200046,,0,0,Alarm,
200047,,0,0,Alarm,
200048,,0,0,Alarm,
200049,,0,0,Alarm,
200050,FFU Monitor Error,0,0,Alarm,FFU Monitor Error
200051,,0,0,Alarm,
200052,,0,0,Alarm,
200053,,0,0,Alarm,
200054,,0,0,Alarm,
200055,,0,0,Alarm,
200056,,0,0,Alarm,
200057,,0,0,Alarm,
200058,,0,0,Alarm,
200059,,0,0,Alarm,
200060,,0,0,Alarm,
200061,,0,0,Alarm,
200062,,0,0,Alarm,
200063,,0,0,Alarm,
200064,,0,0,Alarm,
200065,,0,0,Alarm,
200066,,0,0,Alarm,
200067,,0,0,Alarm,
200068,,0,0,Alarm,
200069,,0,0,Alarm,
200070,,0,0,Alarm,
200071,,0,0,Alarm,
200072,,0,0,Alarm,
200073,,0,0,Alarm,
200074,,0,0,Alarm,
200075,,0,0,Alarm,
200076,,0,0,Alarm,
200077,Charge Position Error,0,0,Alarm,Charge Position Error
200078,,0,0,Alarm,
200079,,0,0,Alarm,
200080,,0,0,Alarm,
200081,,0,0,Alarm,
200082,,0,0,Alarm,
200083,,0,0,Alarm,
200084,,0,0,Alarm,
200085,,0,0,Alarm,
200086,,0,0,Alarm,
200087,,0,0,Alarm,
200088,,0,0,Alarm,
200089,,0,0,Alarm,
200090,,0,0,Alarm,
200091,,0,0,Alarm,
200092,,0,0,Alarm,
200093,,0,0,Alarm,
200094,,0,0,Alarm,
200095,,0,0,Alarm,
200096,,0,0,Alarm,
200097,,0,0,Alarm,
200098,,0,0,Alarm,
200099,,0,0,Alarm,
200100,,0,0,Alarm,
200101,,0,0,Alarm,
200102,,0,0,Alarm,
200103,,0,0,Alarm,
200104,,0,0,Alarm,
200105,,0,0,Alarm,
200106,,0,0,Alarm,
200107,,0,0,Alarm,
200108,,0,0,Alarm,
200109,,0,0,Alarm,
200110,,0,0,Alarm,
200111,,0,0,Alarm,
200112,,0,0,Alarm,
200113,,0,0,Alarm,
200114,,0,0,Alarm,
200115,,0,0,Alarm,
200116,,0,0,Alarm,
200117,,0,0,Alarm,
200118,,0,0,Alarm,
200119,,0,0,Alarm,
200120,,0,0,Alarm,
200121,,0,0,Alarm,
200122,,0,0,Alarm,
200123,,0,0,Alarm,
200124,,0,0,Alarm,
200125,,0,0,Alarm,
200126,,0,0,Alarm,
200127,,0,0,Alarm,
200128,,0,0,Alarm,
200129,,0,0,Alarm,
200130,,0,0,Alarm,
200131,,0,0,Alarm,
200132,,0,0,Alarm,
200133,,0,0,Alarm,
200134,,0,0,Alarm,
200135,,0,0,Alarm,
200136,,0,0,Alarm,
200137,,0,0,Alarm,
200138,,0,0,Alarm,
200139,,0,0,Alarm,
200140,,0,0,Alarm,
200141,,0,0,Alarm,
200142,,0,0,Alarm,
200143,,0,0,Alarm,
200144,,0,0,Alarm,
200145,,0,0,Alarm,
200146,,0,0,Alarm,
200147,,0,0,Alarm,
200148,,0,0,Alarm,
200149,,0,0,Alarm,
200150,,0,0,Alarm,
200151,,0,0,Alarm,
200152,,0,0,Alarm,
200153,,0,0,Alarm,
200154,,0,0,Alarm,
200155,,0,0,Alarm,
200156,,0,0,Alarm,
200157,,0,0,Alarm,
200158,,0,0,Alarm,
200159,,0,0,Alarm,
200160,,0,0,Alarm,
200161,,0,0,Alarm,
200162,,0,0,Alarm,
200163,,0,0,Alarm,
200164,,0,0,Alarm,
200165,,0,0,Alarm,
200166,,0,0,Alarm,
200167,,0,0,Alarm,
200168,,0,0,Alarm,
200169,,0,0,Alarm,
200170,,0,0,Alarm,
200171,,0,0,Alarm,
200172,,0,0,Alarm,
200173,,0,0,Alarm,
200174,,0,0,Alarm,
200175,,0,0,Alarm,
200176,,0,0,Alarm,
200177,,0,0,Alarm,
200178,,0,0,Alarm,
200179,,0,0,Alarm,
200180,,0,0,Alarm,
200181,,0,0,Alarm,
200182,,0,0,Alarm,
200183,,0,0,Alarm,
200184,,0,0,Alarm,
200185,,0,0,Alarm,
200186,,0,0,Alarm,
200187,,0,0,Alarm,
200188,,0,0,Alarm,
200189,,0,0,Alarm,
200190,,0,0,Alarm,
200191,,0,0,Alarm,
200192,,0,0,Alarm,
200193,,0,0,Alarm,
200194,,0,0,Alarm,
200195,,0,0,Alarm,
200196,,0,0,Alarm,
200197,,0,0,Alarm,
200198,,0,0,Alarm,
200199,,0,0,Alarm,
200200,CST Detect Sensor Error[X01AC][X0217][X021B],0,0,Alarm,CST Detect Sensor Error[X01AC][X0217][X021B]
200201,CST Detect Sensor Error[X0217][X021B],0,0,Alarm,CST Detect Sensor Error[X0217][X021B]
200202,Shutter Door R Side FLS Sensor Error[X020B],0,0,Alarm,Shutter Door R Side FLS Sensor Error[X020B]
200203,Shutter Door R Side RLS Sensor Error[X020D],0,0,Alarm,Shutter Door R Side RLS Sensor Error[X020D]
200204,Shutter Door L Side FLS Sensor Error[X020E],0,0,Alarm,Shutter Door L Side FLS Sensor Error[X020E]
200205,Shutter Door L Side RLS Sensor Error[X020F],0,0,Alarm,Shutter Door L Side RLS Sensor Error[X020F]
200206,Hand Check Out Error[X0201][X0205],0,0,Alarm,Hand Check Out Error[X0201][X0205]
200207,Hand Forward/Back Axis RLSSensor Error,0,0,Alarm,Hand Forward/Back Axis RLSSensor Error
200208,Hand Forward/Back Axis FLSSensor Error,0,0,Alarm,Hand Forward/Back Axis FLSSensor Error
200209,Hand Forward/Back Axis Error,0,0,Alarm,Hand Forward/Back Axis Error
200210,Hand Forward/Back Axis Servo Action Time Out,0,0,Alarm,Hand Forward/Back Axis Servo Action Time Out
200211,Hand Up/Down Axis RLS Sensor Error,0,0,Alarm,Hand Up/Down Axis RLS Sensor Error
200212,Hand Up/Down Axis FLS Sensor Error,0,0,Alarm,Hand Up/Down Axis FLS Sensor Error
200213,Hand Up/Down Axis Servo Error,0,0,Alarm,Hand Up/Down Axis Servo Error
200214,Hand Up/Down Axis Servo Action Time Out,0,0,Alarm,Hand Up/Down Axis Servo Action Time Out
200215,Hand Slide Axis RLS Sensor Error,0,0,Alarm,Hand Slide Axis RLS Sensor Error
200216,Hand Slide Axis FLS Sensor Error,0,0,Alarm,Hand Slide Axis FLS Sensor Error
200217,Hand Slide Axis Servo Error,0,0,Alarm,Hand Slide Axis Servo Error
200218,Hand Slide Axis Servo Action Time Out,0,0,Alarm,Hand Slide Axis Servo Action Time Out
200219,Hand Turn Axis RLS Sensor Error,0,0,Alarm,Hand Turn Axis RLS Sensor Error
200220,Hand Turn Axis FLS Sensor Error,0,0,Alarm,Hand Turn Axis FLS Sensor Error
200221,Hand Turn Axis Servo Error,0,0,Alarm,Hand Turn Axis Servo Error
200222,Hand Turn Axis Servo Action Time Out,0,0,Alarm,Hand Turn Axis Servo Action Time Out
200223,R Side Shutter Door Servo Controller Error,0,0,Alarm,R Side Shutter Door Servo Controller Error
200224,L Side Shutter Door Servo Controller Error,0,0,Alarm,L Side Shutter Door Servo Controller Error
200225,Hand Back End Sensor Is Not On[Dog],0,0,Alarm,Hand Back End Sensor Is Not On[Dog]
200226,Hand Down End Sensor Is Not On[X0219],0,0,Alarm,Hand Down End Sensor Is Not On[X0219]
200227,Hand Rising End Sensor Is Not On[X0218],0,0,Alarm,Hand Rising End Sensor Is Not On[X0218]
200228,Hand Turn Axis 90 Degrees Sensor Is Not On[X020A],0,0,Alarm,Hand Turn Axis 90 Degrees Sensor Is Not On[X020A]
200229,Hand Forward/Back Axis Servo Is Not In Back Position,0,0,Alarm,Hand Forward/Back Axis Servo Is Not In Back Position
200230,Hand Up/Down Axis Servo Is Not In Get CST Position,0,0,Alarm,Hand Up/Down Axis Servo Is Not In Get CST Position
200231,Hand Slide Axis Servo Is Not In Get/Put CST Position,0,0,Alarm,Hand Slide Axis Servo Is Not In Get/Put CST Position
200232,Hand Turn Axis Servo Is Not In GetCST Position,0,0,Alarm,Hand Turn Axis Servo Is Not In GetCST Position
200233,Hand Get CST Action Time Out,0,0,Alarm,Hand Get CST Action Time Out
200234,Hand Put CST Action Time Out,0,0,Alarm,Hand Put CST Action Time Out
200235,Hand Is Not Execute Get Cassette Action,0,0,Alarm,Hand Is Not Execute Get Cassette Action
200236,Hand Is Not Execute Put Cassette Action,0,0,Alarm,Hand Is Not Execute Put Cassette Action
200237,Hand Forward/Back Axis And Turn Axis Servo Home Return Time Out,0,0,Alarm,Hand Forward/Back Axis And Turn Axis Servo Home Return Time Out
200238,Hand Up/Down Axis Servo Home Return Time Out,0,0,Alarm,Hand Up/Down Axis Servo Home Return Time Out
200239,Hand Slide Axis Servo Home Return Time Out,0,0,Alarm,Hand Slide Axis Servo Home Return Time Out
200240,Hand Back To Work Home Action Time Out(Nothing),0,0,Alarm,Hand Back To Work Home Action Time Out(Nothing)
200241,Hand Back To Work Home Action Time Out(Something),0,0,Alarm,Hand Back To Work Home Action Time Out(Something)
200242,Hand GetEQ CST Action Time Out(L Side),0,0,Alarm,Hand GetEQ CST Action Time Out(L Side)
200243,Hand Put EQ CST Action Time Out(L Side),0,0,Alarm,Hand Put EQ CST Action Time Out(L Side)
200244,Hand GetEQ CST Action Time Out(R Side),0,0,Alarm,Hand GetEQ CST Action Time Out(R Side)
200245,Hand Put EQ CST Action Time Out(R Side),0,0,Alarm,Hand Put EQ CST Action Time Out(R Side)
200246,Shutter Door Fall Action Time Out(L Side),0,0,Alarm,Shutter Door Fall Action Time Out(L Side)
200247,Shutter Door Fall Action Time Out(R Side),0,0,Alarm,Shutter Door Fall Action Time Out(R Side)
200248,Hand Servo Off Action Time Out,0,0,Alarm,Hand Servo Off Action Time Out
200249,Hand Servo On Action Time Out,0,0,Alarm,Hand Servo On Action Time Out
200250,Shutter Door R Side Rise Action Time Out,0,0,Alarm,Shutter Door R Side Rise Action Time Out
200251,Shutter Door R Side Fall Action Time Out,0,0,Alarm,Shutter Door R Side Fall Action Time Out
200252,,0,0,Alarm,
200253,"AGV Car And EQ Handshake,TA4 Time out (L Side)",0,0,Alarm,"AGV Car And EQ Handshake,TA4 Time out (L Side)"
200254,"EQ ES Signal Off , Hand Stop Action(L Side)",0,0,Alarm,"EQ ES Signal Off , Hand Stop Action(L Side)"
200255,Shutter Door L Side Rise Action Time Out,0,0,Alarm,Shutter Door L Side Rise Action Time Out
200256,Shutter Door L Side Fall Action Time Out,0,0,Alarm,Shutter Door L Side Fall Action Time Out
200257,,0,0,Alarm,
200258,"AGV Car And EQ Handshake,TA4 Time out (R Side)",0,0,Alarm,"AGV Car And EQ Handshake,TA4 Time out (R Side)"
200259,"EQ ES Signal Off , Hand Stop Action(R Side)",0,0,Alarm,"EQ ES Signal Off , Hand Stop Action(R Side)"
200260,"Hand Get CST,Hand Detect Sensor Detect Nothing[X0201]",0,0,Alarm,"Hand Get CST,Hand Detect Sensor Detect Nothing[X0201]"
200261,"Hand Get CST,Hand Detect Sensor Detect Nothing[X0205]",0,0,Alarm,"Hand Get CST,Hand Detect Sensor Detect Nothing[X0205]"
200262,"Hand Put CST,Hand Detect Sensor Detect Nothing[X0201]",0,0,Alarm,"Hand Put CST,Hand Detect Sensor Detect Nothing[X0201]"
200263,"Hand Put CST,Hand Detect Sensor Detect Nothing[X0205]",0,0,Alarm,"Hand Put CST,Hand Detect Sensor Detect Nothing[X0205]"
200264,"Hand Put CST,But Hand Detect Sensor Detect Something[X0201]",0,0,Alarm,"Hand Put CST,But Hand Detect Sensor Detect Something[X0201]"
200265,"Hand Put CST,But Hand Detect Sensor Detect Something[X0205]",0,0,Alarm,"Hand Put CST,But Hand Detect Sensor Detect Something[X0205]"
200266,,0,0,Alarm,
200267,,0,0,Alarm,
200268,,0,0,Alarm,
200269,,0,0,Alarm,
200270,"Hand Get/Put CST,Hand Detect Sensor error[X0201]",0,0,Alarm,"Hand Get/Put CST,Hand Detect Sensor error[X0201]"
200271,"Hand Get/Put CST,Hand Detect Sensor  error[X0205]",0,0,Alarm,"Hand Get/Put CST,Hand Detect Sensor  error[X0205]"
200272,,0,0,Alarm,
200273,,0,0,Alarm,
200274,,0,0,Alarm,
200275,,0,0,Alarm,
200276,,0,0,Alarm,
200277,,0,0,Alarm,
200278,,0,0,Alarm,
200279,,0,0,Alarm,
200280,"Move,Hand Forward/Back Axis Servo Is Not In Back Position",0,0,Alarm,"Move,Hand Forward/Back Axis Servo Is Not In Back Position"
200281,"Move,Hand Up/Down Axis Servo Is Not In Get CST Position",0,0,Alarm,"Move,Hand Up/Down Axis Servo Is Not In Get CST Position"
200282,"Move,Hand Slide Axis Servo Is Not In Get/Put CST Position",0,0,Alarm,"Move,Hand Slide Axis Servo Is Not In Get/Put CST Position"
200283,"Move,Hand Turn Axis Servo Is Not In GetCST Position",0,0,Alarm,"Move,Hand Turn Axis Servo Is Not In GetCST Position"
200284,"Move,L Side Shutter Axis Servo Is Not In Down Position",0,0,Alarm,"Move,L Side Shutter Axis Servo Is Not In Down Position"
200285,"Move,R Side Shutter Axis Servo Is Not In Down Position",0,0,Alarm,"Move,R Side Shutter Axis Servo Is Not In Down Position"
200286,,0,0,Alarm,
200287,,0,0,Alarm,
200288,,0,0,Alarm,
200289,,0,0,Alarm,
200290,,0,0,Alarm,
200291,,0,0,Alarm,
200292,,0,0,Alarm,
200293,,0,0,Alarm,
200294,,0,0,Alarm,
200295,,0,0,Alarm,
200296,,0,0,Alarm,
200297,,0,0,Alarm,
200298,,0,0,Alarm,
200299,,0,0,Alarm,
200300,,0,0,Alarm,
200301,,0,0,Alarm,
200302,,0,0,Alarm,
200303,,0,0,Alarm,
200304,,0,0,Alarm,
200305,,0,0,Alarm,
200306,,0,0,Alarm,
200307,,0,0,Alarm,
200308,,0,0,Alarm,
200309,,0,0,Alarm,
200310,,0,0,Alarm,
200311,,0,0,Alarm,
200312,,0,0,Alarm,
200313,,0,0,Alarm,
200314,,0,0,Alarm,
200315,,0,0,Alarm,
200316,,0,0,Alarm,
200317,,0,0,Alarm,
200318,,0,0,Alarm,
200319,,0,0,Alarm,
200320,,0,0,Alarm,
200321,,0,0,Alarm,
200322,,0,0,Alarm,
200323,,0,0,Alarm,
200324,,0,0,Alarm,
200325,,0,0,Alarm,
200326,,0,0,Alarm,
200327,,0,0,Alarm,
200328,,0,0,Alarm,
200329,,0,0,Alarm,
200330,,0,0,Alarm,
200331,,0,0,Alarm,
200332,,0,0,Alarm,
200333,,0,0,Alarm,
200334,,0,0,Alarm,
200335,,0,0,Alarm,
200336,,0,0,Alarm,
200337,,0,0,Alarm,
200338,,0,0,Alarm,
200339,,0,0,Alarm,
200340,,0,0,Alarm,
200341,,0,0,Alarm,
200342,,0,0,Alarm,
200343,,0,0,Alarm,
200344,,0,0,Alarm,
200345,,0,0,Alarm,
200346,,0,0,Alarm,
200347,,0,0,Alarm,
200348,,0,0,Alarm,
200349,,0,0,Alarm,
200350,,0,0,Alarm,
200351,,0,0,Alarm,
200352,,0,0,Alarm,
200353,,0,0,Alarm,
200354,,0,0,Alarm,
200355,,0,0,Alarm,
200356,,0,0,Alarm,
200357,,0,0,Alarm,
200358,,0,0,Alarm,
200359,,0,0,Alarm,
200360,,0,0,Alarm,
200361,,0,0,Alarm,
200362,,0,0,Alarm,
200363,,0,0,Alarm,
200364,,0,0,Alarm,
200365,,0,0,Alarm,
200366,,0,0,Alarm,
200367,,0,0,Alarm,
200368,,0,0,Alarm,
200369,,0,0,Alarm,
200370,,0,0,Alarm,
200371,,0,0,Alarm,
200372,,0,0,Alarm,
200373,,0,0,Alarm,
200374,,0,0,Alarm,
200375,,0,0,Alarm,
200376,,0,0,Alarm,
200377,,0,0,Alarm,
200378,,0,0,Alarm,
200379,,0,0,Alarm,
200380,,0,0,Alarm,
200381,,0,0,Alarm,
200382,,0,0,Alarm,
200383,,0,0,Alarm,
200384,,0,0,Alarm,
200385,,0,0,Alarm,
200386,,0,0,Alarm,
200387,,0,0,Alarm,
200388,,0,0,Alarm,
200389,,0,0,Alarm,
200390,,0,0,Alarm,
200391,,0,0,Alarm,
200392,,0,0,Alarm,
200393,,0,0,Alarm,
200394,,0,0,Alarm,
200395,,0,0,Alarm,
200396,,0,0,Alarm,
200397,,0,0,Alarm,
200398,,0,0,Alarm,
200399,,0,0,Alarm,
200400,,0,0,Alarm,
200401,,0,0,Alarm,
200402,,0,0,Alarm,
200403,,0,0,Alarm,
200404,,0,0,Alarm,
200405,,0,0,Alarm,
200406,,0,0,Alarm,
200407,,0,0,Alarm,
200408,,0,0,Alarm,
200409,,0,0,Alarm,
200410,,0,0,Alarm,
200411,,0,0,Alarm,
200412,,0,0,Alarm,
200413,,0,0,Alarm,
200414,,0,0,Alarm,
200415,,0,0,Alarm,
200416,,0,0,Alarm,
200417,,0,0,Alarm,
200418,,0,0,Alarm,
200419,,0,0,Alarm,
200420,,0,0,Alarm,
200421,,0,0,Alarm,
200422,,0,0,Alarm,
200423,,0,0,Alarm,
200424,,0,0,Alarm,
200425,,0,0,Alarm,
200426,,0,0,Alarm,
200427,,0,0,Alarm,
200428,,0,0,Alarm,
200429,,0,0,Alarm,
200430,,0,0,Alarm,
200431,,0,0,Alarm,
200432,,0,0,Alarm,
200433,,0,0,Alarm,
200434,,0,0,Alarm,
200435,,0,0,Alarm,
200436,,0,0,Alarm,
200437,,0,0,Alarm,
200438,,0,0,Alarm,
200439,,0,0,Alarm,
200440,,0,0,Alarm,
200441,,0,0,Alarm,
200442,,0,0,Alarm,
200443,,0,0,Alarm,
200444,,0,0,Alarm,
200445,,0,0,Alarm,
200446,,0,0,Alarm,
200447,,0,0,Alarm,
200448,,0,0,Alarm,
200449,,0,0,Alarm,
200450,,0,0,Alarm,
200451,,0,0,Alarm,
200452,,0,0,Alarm,
200453,,0,0,Alarm,
200454,,0,0,Alarm,
200455,,0,0,Alarm,
200456,,0,0,Alarm,
200457,,0,0,Alarm,
200458,,0,0,Alarm,
200459,,0,0,Alarm,
200460,,0,0,Alarm,
200461,,0,0,Alarm,
200462,,0,0,Alarm,
200463,,0,0,Alarm,
200464,,0,0,Alarm,
200465,,0,0,Alarm,
200466,,0,0,Alarm,
200467,,0,0,Alarm,
200468,,0,0,Alarm,
200469,,0,0,Alarm,
200470,,0,0,Alarm,
200471,,0,0,Alarm,
200472,,0,0,Alarm,
200473,,0,0,Alarm,
200474,,0,0,Alarm,
200475,,0,0,Alarm,
200476,,0,0,Alarm,
200477,,0,0,Alarm,
200478,,0,0,Alarm,
200479,,0,0,Alarm,
200480,,0,0,Alarm,
200481,,0,0,Alarm,
200482,,0,0,Alarm,
200483,,0,0,Alarm,
200484,,0,0,Alarm,
200485,,0,0,Alarm,
200486,,0,0,Alarm,
200487,,0,0,Alarm,
200488,,0,0,Alarm,
200489,,0,0,Alarm,
200490,,0,0,Alarm,
200491,,0,0,Alarm,
200492,,0,0,Alarm,
200493,,0,0,Alarm,
200494,,0,0,Alarm,
200495,,0,0,Alarm,
200496,,0,0,Alarm,
200497,,0,0,Alarm,
200498,,0,0,Alarm,
200499,,0,0,Alarm,
200500,,0,0,Alarm,
200501,,0,0,Alarm,
200502,,0,0,Alarm,
200503,,0,0,Alarm,
200504,,0,0,Alarm,
200505,,0,0,Alarm,
200506,,0,0,Alarm,
200507,,0,0,Alarm,
200508,,0,0,Alarm,
200509,,0,0,Alarm,
200510,,0,0,Alarm,
200511,,0,0,Alarm,
200512,,0,0,Alarm,
200513,,0,0,Alarm,
200514,,0,0,Alarm,
200515,,0,0,Alarm,
200516,,0,0,Alarm,
200517,,0,0,Alarm,
200518,,0,0,Alarm,
200519,,0,0,Alarm,
200520,,0,0,Alarm,
200521,,0,0,Alarm,
200522,,0,0,Alarm,
200523,,0,0,Alarm,
200524,,0,0,Alarm,
200525,,0,0,Alarm,
200526,,0,0,Alarm,
200527,,0,0,Alarm,
200528,,0,0,Alarm,
200529,,0,0,Alarm,
200530,,0,0,Alarm,
200531,,0,0,Alarm,
200532,,0,0,Alarm,
200533,,0,0,Alarm,
200534,,0,0,Alarm,
200535,,0,0,Alarm,
200536,,0,0,Alarm,
200537,,0,0,Alarm,
200538,,0,0,Alarm,
200539,,0,0,Alarm,
200540,,0,0,Alarm,
200541,,0,0,Alarm,
200542,,0,0,Alarm,
200543,,0,0,Alarm,
200544,,0,0,Alarm,
200545,,0,0,Alarm,
200546,,0,0,Alarm,
200547,,0,0,Alarm,
200548,,0,0,Alarm,
200549,,0,0,Alarm,
200550,,0,0,Alarm,
200551,,0,0,Alarm,
200552,,0,0,Alarm,
200553,,0,0,Alarm,
200554,,0,0,Alarm,
200555,,0,0,Alarm,
200556,,0,0,Alarm,
200557,,0,0,Alarm,
200558,,0,0,Alarm,
200559,,0,0,Alarm,
200560,,0,0,Alarm,
200561,,0,0,Alarm,
200562,,0,0,Alarm,
200563,,0,0,Alarm,
200564,,0,0,Alarm,
200565,,0,0,Alarm,
200566,,0,0,Alarm,
200567,,0,0,Alarm,
200568,,0,0,Alarm,
200569,,0,0,Alarm,
200570,,0,0,Alarm,
200571,,0,0,Alarm,
200572,,0,0,Alarm,
200573,,0,0,Alarm,
200574,,0,0,Alarm,
200575,,0,0,Alarm,
200576,,0,0,Alarm,
200577,,0,0,Alarm,
200578,,0,0,Alarm,
200579,,0,0,Alarm,
200580,,0,0,Alarm,
200581,,0,0,Alarm,
200582,,0,0,Alarm,
200583,,0,0,Alarm,
200584,,0,0,Alarm,
200585,,0,0,Alarm,
200586,,0,0,Alarm,
200587,,0,0,Alarm,
200588,,0,0,Alarm,
200589,,0,0,Alarm,
200590,,0,0,Alarm,
200591,,0,0,Alarm,
200592,,0,0,Alarm,
200593,,0,0,Alarm,
200594,,0,0,Alarm,
200595,,0,0,Alarm,
200596,,0,0,Alarm,
200597,,0,0,Alarm,
200598,,0,0,Alarm,
200599,,0,0,Alarm,
200600,,0,0,Alarm,
200601,,0,0,Alarm,
200602,,0,0,Alarm,
200603,,0,0,Alarm,
200604,,0,0,Alarm,
200605,,0,0,Alarm,
200606,,0,0,Alarm,
200607,,0,0,Alarm,
200608,,0,0,Alarm,
200609,,0,0,Alarm,
200610,,0,0,Alarm,
200611,,0,0,Alarm,
200612,,0,0,Alarm,
200613,,0,0,Alarm,
200614,,0,0,Alarm,
200615,,0,0,Alarm,
200616,,0,0,Alarm,
200617,,0,0,Alarm,
200618,,0,0,Alarm,
200619,,0,0,Alarm,
200620,,0,0,Alarm,
200621,,0,0,Alarm,
200622,,0,0,Alarm,
200623,,0,0,Alarm,
200624,,0,0,Alarm,
200625,,0,0,Alarm,
200626,,0,0,Alarm,
200627,,0,0,Alarm,
200628,,0,0,Alarm,
200629,,0,0,Alarm,
200630,,0,0,Alarm,
200631,,0,0,Alarm,
200632,,0,0,Alarm,
200633,,0,0,Alarm,
200634,,0,0,Alarm,
200635,,0,0,Alarm,
200636,,0,0,Alarm,
200637,,0,0,Alarm,
200638,,0,0,Alarm,
200639,,0,0,Alarm,
200640,,0,0,Alarm,
200641,,0,0,Alarm,
200642,,0,0,Alarm,
200643,,0,0,Alarm,
200644,,0,0,Alarm,
200645,,0,0,Alarm,
200646,,0,0,Alarm,
200647,,0,0,Alarm,
200648,,0,0,Alarm,
200649,,0,0,Alarm,
200650,,0,0,Alarm,
200651,,0,0,Alarm,
200652,,0,0,Alarm,
200653,,0,0,Alarm,
200654,,0,0,Alarm,
200655,,0,0,Alarm,
200656,,0,0,Alarm,
200657,,0,0,Alarm,
200658,,0,0,Alarm,
200659,,0,0,Alarm,
200660,,0,0,Alarm,
200661,,0,0,Alarm,
200662,,0,0,Alarm,
200663,,0,0,Alarm,
200664,,0,0,Alarm,
200665,,0,0,Alarm,
200666,,0,0,Alarm,
200667,,0,0,Alarm,
200668,,0,0,Alarm,
200669,,0,0,Alarm,
200670,,0,0,Alarm,
200671,,0,0,Alarm,
200672,,0,0,Alarm,
200673,,0,0,Alarm,
200674,,0,0,Alarm,
200675,,0,0,Alarm,
200676,,0,0,Alarm,
200677,,0,0,Alarm,
200678,,0,0,Alarm,
200679,,0,0,Alarm,
200680,,0,0,Alarm,
200681,,0,0,Alarm,
200682,,0,0,Alarm,
200683,,0,0,Alarm,
200684,,0,0,Alarm,
200685,,0,0,Alarm,
200686,,0,0,Alarm,
200687,,0,0,Alarm,
200688,,0,0,Alarm,
200689,,0,0,Alarm,
200690,,0,0,Alarm,
200691,,0,0,Alarm,
200692,,0,0,Alarm,
200693,,0,0,Alarm,
200694,,0,0,Alarm,
200695,,0,0,Alarm,
200696,,0,0,Alarm,
200697,,0,0,Alarm,
200698,,0,0,Alarm,
200699,,0,0,Alarm,
200700,StopChargeTimeout,0,0,Alarm,StopChargeTimeout
200701,ForkNotHome,0,0,Alarm,ForkNotHome
200702,AgvcCallEms,0,0,Alarm,AgvcCallEms
200703,MoveControl Exception,0,0,Alarm,MoveControl Exception
200704,Command out of trigger range,0,0,Alarm,Command out of trigger range
200705,Move : Initail Wheel Angle Timeout,0,0,Alarm,Move : Initail Wheel Angle Timeout
200706,Move : Enable allAxis Timeout,0,0,Alarm,Move : Enable allAxis Timeout
200707,Reserve : Command's Reserve out of ReserveList's Range,0,0,Alarm,Reserve : Command's Reserve out of ReserveList's Range
200708,SlowStop : Timeout,0,0,Alarm,SlowStop : Timeout
200709,STurn : AGV turning too fast,0,0,Alarm,STurn : AGV turning too fast
200710,STurn : AGV turning too slow,0,0,Alarm,STurn : AGV turning too slow
200711,STurn : AGV turning with wrong path,0,0,Alarm,STurn : AGV turning with wrong path
200712,STurn : one of wheels turning too slow,0,0,Alarm,STurn : one of wheels turning too slow
200713,STurn : stop in STurn feature distable,0,0,Alarm,STurn : stop in STurn feature distable
200714,STurn : continue in STurn feature distable,0,0,Alarm,STurn : continue in STurn feature distable
200715,RTurn : AGV turning too fast,0,0,Alarm,RTurn : AGV turning too fast
200716,RTurn : AGV turning too slow,0,0,Alarm,RTurn : AGV turning too slow
200717,RTurn : Virtual Axis not Link,0,0,Alarm,RTurn : Virtual Axis not Link
200718,RTurn : Turn direction format error,0,0,Alarm,RTurn : Turn direction format error
200719,RTurn : stop in RTurn feature distable,0,0,Alarm,RTurn : stop in RTurn feature distable
200720,RTurn : RTurn Control timeout,0,0,Alarm,RTurn : RTurn Control timeout
200721,RTurn : stop in can't continue step,0,0,Alarm,RTurn : stop in can't continue step
200722,RTurn : continue in RTurn feature distable,0,0,Alarm,RTurn : continue in RTurn feature distable
200723,StopAndClear : Timeout,0,0,Alarm,StopAndClear : Timeout
200724,SecondCorrection : Timeout,0,0,Alarm,SecondCorrection : Timeout
200725,SecondCorrection : Disable Timeout,0,0,Alarm,SecondCorrection : Disable Timeout
200726,MoveMethod level Initail Fail,0,0,Alarm,MoveMethod level Initail Fail
200727,MoveMethod level Driver Command Fail,0,0,Alarm,MoveMethod level Driver Command Fail
200728,MotionDriver_Elmo Initail Fail,0,0,Alarm,MotionDriver_Elmo Initail Fail
200729,MotionDriver_Elmo Connect Fail,0,0,Alarm,MotionDriver_Elmo Connect Fail
200730,MotionDriver_Elmo Axis Setting format error,0,0,Alarm,MotionDriver_Elmo Axis Setting format error
200731,MotionDriver_Elmo Bulk Exception,0,0,Alarm,MotionDriver_Elmo Bulk Exception
200732,LocateControl Initail Fail,0,0,Alarm,LocateControl Initail Fail
200733,LocateDriver_SR2000 Initail Fail,0,0,Alarm,LocateDriver_SR2000 Initail Fail
200734,LocateDriver_SR2000 Connect Fail,0,0,Alarm,LocateDriver_SR2000 Connect Fail
200735,LocateDriver_SR2000 data format error,0,0,Alarm,LocateDriver_SR2000 data format error
200736,LocateDriver_SLAM_Sick Initail Fail,0,0,Alarm,LocateDriver_SLAM_Sick Initail Fail
200737,LocateDriver_SLAM_Sick Connect Fail,0,0,Alarm,LocateDriver_SLAM_Sick Connect Fail
200738,LocateDriver_SLAM_Sick data format error,0,0,Alarm,LocateDriver_SLAM_Sick data format error
200739,Can't Override : Override Timeout,0,0,Alarm,Can't Override : Override Timeout
200740,SafetyStop : Fork isn't in home Status,0,0,Alarm,SafetyStop : Fork isn't in home Status
200741,SafetyStop : Charging,0,0,Alarm,SafetyStop : Charging
200742,SafetyStop : Excessive angular deviation,0,0,Alarm,SafetyStop : Excessive angular deviation
200743,SafetyStop : Excessive section deviation,0,0,Alarm,SafetyStop : Excessive section deviation
200744,SafetyStop : Too long not read barcode (turn),0,0,Alarm,SafetyStop : Too long not read barcode (turn)
200745,SafetyStop : Too long not read barcode (line),0,0,Alarm,SafetyStop : Too long not read barcode (line)
200746,SafetyStop : AGV Stop without reason,0,0,Alarm,SafetyStop : AGV Stop without reason
200747,SafetyStop : Velocity change error,0,0,Alarm,SafetyStop : Velocity change error
200748,SafetyStop : Axis error,0,0,Alarm,SafetyStop : Axis error
200749,SafetyStop : LocateControl Error,0,0,Alarm,SafetyStop : LocateControl Error
200750,SafetyStop : Stop Request,0,0,Alarm,SafetyStop : Stop Request
200751,SafetyStop : Bumper Stop,0,0,Alarm,SafetyStop : Bumper Stop
200752,SafetyStop : EMO Stop,0,0,Alarm,SafetyStop : EMO Stop
200753,Can't AutoRetry : AutoRetry Count more than config,0,0,Alarm,Can't AutoRetry : AutoRetry Count more than config
200754,Can't AutoRetry : AutoReset fail,0,0,Alarm,Can't AutoRetry : AutoReset fail
200755,Can't AutoRetry : Create Retry MoveCmdInfo fail,0,0,Alarm,Can't AutoRetry : Create Retry MoveCmdInfo fail
200756,Fork Command Format NG,0,0,Alarm,Fork Command Format NG
200757,Fork Command Read timeout,0,0,Alarm,Fork Command Read timeout
200758,Fork Not Busy timeout,0,0,Alarm,Fork Not Busy timeout
200759,Fork Command Executing timeout,0,0,Alarm,Fork Command Executing timeout
200760,Fork Home Flag Waiting timeout,0,0,Alarm,Fork Home Flag Waiting timeout
200761,,0,0,Alarm,
200762,,0,0,Alarm,
200763,,0,0,Alarm,
200764,,0,0,Alarm,
200765,,0,0,Alarm,
200766,,0,0,Alarm,
200767,,0,0,Alarm,
200768,,0,0,Alarm,
200769,,0,0,Alarm,
200770,,0,0,Alarm,
200771,,0,0,Alarm,
200772,,0,0,Alarm,
200773,,0,0,Alarm,
200774,,0,0,Alarm,
200775,,0,0,Alarm,
200776,,0,0,Alarm,
200777,,0,0,Alarm,
200778,,0,0,Alarm,
200779,,0,0,Alarm,
200780,,0,0,Alarm,
200781,,0,0,Alarm,
200782,,0,0,Alarm,
200783,,0,0,Alarm,
200784,,0,0,Alarm,
200785,,0,0,Alarm,
200786,,0,0,Alarm,
200787,,0,0,Alarm,
200788,,0,0,Alarm,
200789,,0,0,Alarm,
200790,,0,0,Alarm,
200791,,0,0,Alarm,
200792,,0,0,Alarm,
200793,,0,0,Alarm,
200794,,0,0,Alarm,
200795,,0,0,Alarm,
200796,,0,0,Alarm,
200797,,0,0,Alarm,
200798,,0,0,Alarm,
200799,,0,0,Alarm,
200800,,0,0,Alarm,
200801,,0,0,Alarm,
200802,,0,0,Alarm,
200803,,0,0,Alarm,
200804,,0,0,Alarm,
200805,,0,0,Alarm,
200806,,0,0,Alarm,
200807,,0,0,Alarm,
200808,,0,0,Alarm,
200809,,0,0,Alarm,
200810,,0,0,Alarm,
200811,,0,0,Alarm,
200812,,0,0,Alarm,
200813,,0,0,Alarm,
200814,,0,0,Alarm,
200815,,0,0,Alarm,
200816,,0,0,Alarm,
200817,,0,0,Alarm,
200818,,0,0,Alarm,
200819,,0,0,Alarm,
200820,,0,0,Alarm,
200821,,0,0,Alarm,
200822,,0,0,Alarm,
200823,,0,0,Alarm,
200824,,0,0,Alarm,
200825,,0,0,Alarm,
200826,,0,0,Alarm,
200827,,0,0,Alarm,
200828,,0,0,Alarm,
200829,,0,0,Alarm,
200830,,0,0,Alarm,
200831,,0,0,Alarm,
200832,,0,0,Alarm,
200833,,0,0,Alarm,
200834,,0,0,Alarm,
200835,,0,0,Alarm,
200836,,0,0,Alarm,
200837,,0,0,Alarm,
200838,,0,0,Alarm,
200839,,0,0,Alarm,
200840,,0,0,Alarm,
200841,,0,0,Alarm,
200842,,0,0,Alarm,
200843,,0,0,Alarm,
200844,,0,0,Alarm,
200845,,0,0,Alarm,
200846,,0,0,Alarm,
200847,,0,0,Alarm,
200848,,0,0,Alarm,
200849,,0,0,Alarm,
200850,,0,0,Alarm,
200851,,0,0,Alarm,
200852,,0,0,Alarm,
200853,,0,0,Alarm,
200854,,0,0,Alarm,
200855,,0,0,Alarm,
200856,,0,0,Alarm,
200857,,0,0,Alarm,
200858,,0,0,Alarm,
200859,,0,0,Alarm,
200860,,0,0,Alarm,
200861,,0,0,Alarm,
200862,,0,0,Alarm,
200863,,0,0,Alarm,
200864,,0,0,Alarm,
200865,,0,0,Alarm,
200866,,0,0,Alarm,
200867,,0,0,Alarm,
200868,,0,0,Alarm,
200869,,0,0,Alarm,
200870,,0,0,Alarm,
200871,,0,0,Alarm,
200872,,0,0,Alarm,
200873,,0,0,Alarm,
200874,,0,0,Alarm,
200875,,0,0,Alarm,
200876,,0,0,Alarm,
200877,,0,0,Alarm,
200878,,0,0,Alarm,
200879,,0,0,Alarm,
200880,,0,0,Alarm,
200881,,0,0,Alarm,
200882,,0,0,Alarm,
200883,,0,0,Alarm,
200884,,0,0,Alarm,
200885,,0,0,Alarm,
200886,,0,0,Alarm,
200887,,0,0,Alarm,
200888,,0,0,Alarm,
200889,,0,0,Alarm,
200890,,0,0,Alarm,
200891,,0,0,Alarm,
200892,,0,0,Alarm,
200893,,0,0,Alarm,
200894,,0,0,Alarm,
200895,,0,0,Alarm,
200896,,0,0,Alarm,
200897,,0,0,Alarm,
200898,,0,0,Alarm,
200899,,0,0,Alarm,
200900,,0,0,Alarm,
200901,,0,0,Alarm,
200902,,0,0,Alarm,
200903,,0,0,Alarm,
200904,,0,0,Alarm,
200905,,0,0,Alarm,
200906,,0,0,Alarm,
200907,,0,0,Alarm,
200908,,0,0,Alarm,
200909,,0,0,Alarm,
200910,,0,0,Alarm,
200911,,0,0,Alarm,
200912,,0,0,Alarm,
200913,,0,0,Alarm,
200914,,0,0,Alarm,
200915,,0,0,Alarm,
200916,,0,0,Alarm,
200917,,0,0,Alarm,
200918,,0,0,Alarm,
200919,,0,0,Alarm,
200920,,0,0,Alarm,
200921,,0,0,Alarm,
200922,,0,0,Alarm,
200923,,0,0,Alarm,
200924,,0,0,Alarm,
200925,,0,0,Alarm,
200926,,0,0,Alarm,
200927,,0,0,Alarm,
200928,,0,0,Alarm,
200929,,0,0,Alarm,
200930,,0,0,Alarm,
200931,,0,0,Alarm,
200932,,0,0,Alarm,
200933,,0,0,Alarm,
200934,,0,0,Alarm,
200935,,0,0,Alarm,
200936,,0,0,Alarm,
200937,,0,0,Alarm,
200938,,0,0,Alarm,
200939,,0,0,Alarm,
200940,,0,0,Alarm,
200941,,0,0,Alarm,
200942,,0,0,Alarm,
200943,,0,0,Alarm,
200944,,0,0,Alarm,
200945,,0,0,Alarm,
200946,,0,0,Alarm,
200947,,0,0,Alarm,
200948,,0,0,Alarm,
200949,,0,0,Alarm,
200950,,0,0,Alarm,
200951,,0,0,Alarm,
200952,,0,0,Alarm,
200953,,0,0,Alarm,
200954,,0,0,Alarm,
200955,,0,0,Alarm,
200956,,0,0,Alarm,
200957,,0,0,Alarm,
200958,,0,0,Alarm,
200959,,0,0,Alarm,
200960,,0,0,Alarm,
200961,,0,0,Alarm,
200962,,0,0,Alarm,
200963,,0,0,Alarm,
200964,,0,0,Alarm,
200965,,0,0,Alarm,
200966,,0,0,Alarm,
200967,,0,0,Alarm,
200968,,0,0,Alarm,
200969,,0,0,Alarm,
200970,,0,0,Alarm,
200971,,0,0,Alarm,
200972,,0,0,Alarm,
200973,,0,0,Alarm,
200974,,0,0,Alarm,
200975,,0,0,Alarm,
200976,,0,0,Alarm,
200977,,0,0,Alarm,
200978,,0,0,Alarm,
200979,,0,0,Alarm,
200980,,0,0,Alarm,
200981,,0,0,Alarm,
200982,,0,0,Alarm,
200983,,0,0,Alarm,
200984,,0,0,Alarm,
200985,,0,0,Alarm,
200986,,0,0,Alarm,
200987,,0,0,Alarm,
200988,,0,0,Alarm,
200989,,0,0,Alarm,
200990,,0,0,Alarm,
200991,,0,0,Alarm,
200992,,0,0,Alarm,
200993,,0,0,Alarm,
200994,,0,0,Alarm,
200995,,0,0,Alarm,
200996,,0,0,Alarm,
200997,,0,0,Alarm,
200998,,0,0,Alarm,
200999,,0,0,Alarm,
201000,,0,0,Alarm,
201001,,0,0,Alarm,
201002,,0,0,Alarm,
201003,,0,0,Alarm,
201004,,0,0,Alarm,
201005,,0,0,Alarm,
201006,,0,0,Alarm,
201007,,0,0,Alarm,
201008,,0,0,Alarm,
201009,,0,0,Alarm,
201010,,0,0,Alarm,
201011,,0,0,Alarm,
201012,,0,0,Alarm,
201013,,0,0,Alarm,
201014,,0,0,Alarm,
201015,,0,0,Alarm,
201016,,0,0,Alarm,
201017,,0,0,Alarm,
201018,,0,0,Alarm,
201019,,0,0,Alarm,
201020,,0,0,Alarm,
201021,,0,0,Alarm,
201022,,0,0,Alarm,
201023,,0,0,Alarm,
201024,,0,0,Alarm,
201025,,0,0,Alarm,
201026,,0,0,Alarm,
201027,,0,0,Alarm,
201028,,0,0,Alarm,
201029,,0,0,Alarm,
201030,,0,0,Alarm,
201031,,0,0,Alarm,
201032,,0,0,Alarm,
201033,,0,0,Alarm,
201034,,0,0,Alarm,
201035,,0,0,Alarm,
201036,,0,0,Alarm,
201037,,0,0,Alarm,
201038,,0,0,Alarm,
201039,,0,0,Alarm,
201040,¡iPLC¡jBattery Power (Low) Latch,0,0,Warn,¡iPLC¡jBattery Power (Low) Latch
201041,F Side Brake Release Button Enable,0,0,Warn,F Side Brake Release Button Enable
201042,B Side Brake Release Button Enable,0,0,Warn,B Side Brake Release Button Enable
201043,Beam Sensor Detect Something(F Side),0,0,Warn,Beam Sensor Detect Something(F Side)
201044,Beam Sensor Detect Something(B Side),0,0,Warn,Beam Sensor Detect Something(B Side)
201045,Beam Sensor Detect Something(LR Side),0,0,Warn,Beam Sensor Detect Something(LR Side)
201046,Beam Sensor Detect Something(LL Side),0,0,Warn,Beam Sensor Detect Something(LL Side)
201047,Beam Sensor Detect Something(RR Side),0,0,Warn,Beam Sensor Detect Something(RR Side)
201048,Beam Sensor Detect Something(RL Side),0,0,Warn,Beam Sensor Detect Something(RL Side)
201049,Use,0,0,Warn,Use
201050,Use,0,0,Warn,Use
201051,IPC Not Ready,0,0,Warn,IPC Not Ready
201052,"Put CST To EQ,Double Check Sensor Error(L Side)",0,0,Warn,"Put CST To EQ,Double Check Sensor Error(L Side)"
201053,"From EQ Get CST,Double Check Sensor Error(L Side)",0,0,Warn,"From EQ Get CST,Double Check Sensor Error(L Side)"
201054,"Put CST To EQ,Double Check Sensor Error(R Side)",0,0,Warn,"Put CST To EQ,Double Check Sensor Error(R Side)"
201055,"From EQ Get CST,Double Check Sensor Error(R Side)",0,0,Warn,"From EQ Get CST,Double Check Sensor Error(R Side)"
201056,"From EQ Get CST,Double Check Sensor Error",0,0,Warn,"From EQ Get CST,Double Check Sensor Error"
201057,"Put CST To EQ,Double Check Sensor Error",0,0,Warn,"Put CST To EQ,Double Check Sensor Error"
201058,Use,0,0,Warn,Use
201059,Use,0,0,Warn,Use
201060,Double Check Sensor Error(To IPC),0,0,Warn,Double Check Sensor Error(To IPC)
201061,Hand Post PIO Fail(To IPC),0,0,Warn,Hand Post PIO Fail(To IPC)
201062,Hand Busy Fail(To IPC),0,0,Warn,Hand Busy Fail(To IPC)
201063,Hand PrePIO Fail(To IPC),0,0,Warn,Hand PrePIO Fail(To IPC)
201064,Hand Command NG(From IPC),0,0,Warn,Hand Command NG(From IPC)
201065,Double Check Sensor Function Not Use(L Side),0,0,Warn,Double Check Sensor Function Not Use(L Side)
201066,Double Check Sensor Function Not Use(R Side),0,0,Warn,Double Check Sensor Function Not Use(R Side)
201067,Hand Check Function Not Use,0,0,Warn,Hand Check Function Not Use
201068,Stage Check Function Not Use,0,0,Warn,Stage Check Function Not Use
201069,[Confirm Stage Car  Position] Function Use,0,0,Warn,[Confirm Stage Car  Position] Function Use
201070,Shutter Door Not Use,0,0,Warn,Shutter Door Not Use
201071,Correct Mode Not Use,0,0,Warn,Correct Mode Not Use
201072,Power Saving Mode Enable,0,0,Warn,Power Saving Mode Enable
201073,Enforce With EQ Handshake Function Use,0,0,Warn,Enforce With EQ Handshake Function Use
201074,Enforce Close Bump Sensor Function,0,0,Warn,Enforce Close Bump Sensor Function
201075,AGVC Enforce End Charge(R Side),0,0,Warn,AGVC Enforce End Charge(R Side)
201076,Charger Error(R Side),0,0,Warn,Charger Error(R Side)
201077,"In Charge,Charger Sensor Error(R Side)",0,0,Warn,"In Charge,Charger Sensor Error(R Side)"
201078,AGVC Enforce End Charge(L Side),0,0,Warn,AGVC Enforce End Charge(L Side)
201079,Charger Error(L Side),0,0,Warn,Charger Error(L Side)
201080,"In Charge,Charger Sensor Error(L Side)",0,0,Warn,"In Charge,Charger Sensor Error(L Side)"
201081,Hand Forward/Back Axis Home Return Ask On,0,0,Warn,Hand Forward/Back Axis Home Return Ask On
201082,Hand Up/Down Axis Home Return Ask On,0,0,Warn,Hand Up/Down Axis Home Return Ask On
201083,Hand Slide Axis Home Return Ask On,0,0,Warn,Hand Slide Axis Home Return Ask On
201084,Hand Turn Axis Home Return Ask On,0,0,Warn,Hand Turn Axis Home Return Ask On
201085,Charge Over Setting Time(R Side),0,0,Warn,Charge Over Setting Time(R Side)
201086,Charge Over Setting Time(L Side),0,0,Warn,Charge Over Setting Time(L Side)
201087,"System Has Action,Can Not Turn Manual",0,0,Warn,"System Has Action,Can Not Turn Manual"
201088,"System Has Error,Can Not Turn Auto",0,0,Warn,"System Has Error,Can Not Turn Auto"
201089,"Brake Release Has Action,Can Not Turn Auto",0,0,Warn,"Brake Release Has Action,Can Not Turn Auto"
201090,Beam Sensor Shielded(F Side),0,0,Warn,Beam Sensor Shielded(F Side)
201091,Beam Sensor Shielded(B Side),0,0,Warn,Beam Sensor Shielded(B Side)
201092,Beam Sensor Shielded(LR Side),0,0,Warn,Beam Sensor Shielded(LR Side)
201093,Beam Sensor Shielded(LL Side),0,0,Warn,Beam Sensor Shielded(LL Side)
201094,Beam Sensor Shielded(RR Side),0,0,Warn,Beam Sensor Shielded(RR Side)
201095,Beam Sensor Shielded(RL Side),0,0,Warn,Beam Sensor Shielded(RL Side)
201096,Vehicle To Charger Action Time Out(R Side),0,0,Warn,Vehicle To Charger Action Time Out(R Side)
201097,Vehicle To Charger Action Time Out(L Side),0,0,Warn,Vehicle To Charger Action Time Out(L Side)
201098,Corrector Read Action Time Out,0,0,Warn,Corrector Read Action Time Out
201099,Servo Enter Power Saving Mode,0,0,Warn,Servo Enter Power Saving Mode
201100,"EQ HO_AVBL Signal OFF, Cancel Handshake(L Side)",0,0,Warn,"EQ HO_AVBL Signal OFF, Cancel Handshake(L Side)"
201101,"EQ HO_AVBL Signal OFF, Cancel Handshake(R Side)",0,0,Warn,"EQ HO_AVBL Signal OFF, Cancel Handshake(R Side)"
201102,"EQ ES Signal Is Not On,Hand Can Not Action(L Side)",0,0,Warn,"EQ ES Signal Is Not On,Hand Can Not Action(L Side)"
201103,"EQ ES Signal Is Not On,Hand Can Not Action(R Side)",0,0,Warn,"EQ ES Signal Is Not On,Hand Can Not Action(R Side)"
201104,Charger Station Error,0,0,Warn,Charger Station Error
201105,Battery Brand Is Not Setting,0,0,Warn,Battery Brand Is Not Setting
201106,Vehicle Battery Voltage Too High Warning,0,0,Warn,Vehicle Battery Voltage Too High Warning
201107,Vehicle Battery Voltage Too Low Warning,0,0,Warn,Vehicle Battery Voltage Too Low Warning
201108,IPC Stop Command Invalid,0,0,Warn,IPC Stop Command Invalid
201109,"AGV Car And EQ Handshake,TA1 Timeout (L Side)",0,0,Warn,"AGV Car And EQ Handshake,TA1 Timeout (L Side)"
201110,"AGV Car And EQ Handshake,TA2 Timeout (L Side)",0,0,Warn,"AGV Car And EQ Handshake,TA2 Timeout (L Side)"
201111,"AGV Car And EQ Handshake,TA3 Timeout (L Side)",0,0,Warn,"AGV Car And EQ Handshake,TA3 Timeout (L Side)"
201112,"AGV Car And EQ Handshake,TA1 Timeout (R Side)",0,0,Warn,"AGV Car And EQ Handshake,TA1 Timeout (R Side)"
201113,"AGV Car And EQ Handshake,TA2 Timeout (R Side)",0,0,Warn,"AGV Car And EQ Handshake,TA2 Timeout (R Side)"
201114,"AGV Car And EQ Handshake,TA3 Timeout (R Side)",0,0,Warn,"AGV Car And EQ Handshake,TA3 Timeout (R Side)"
201115,Corrector Function Confirm NG,0,0,Warn,Corrector Function Confirm NG
201116,IPC Is Not Ask Corrector Function Confirm,0,0,Warn,IPC Is Not Ask Corrector Function Confirm
201117,"Coupler_R Side Receive Charge Command,Sensor Off",0,0,Warn,"Coupler_R Side Receive Charge Command,Sensor Off"
201118,"Coupler_L Side Receive Charge Command,Sensor Off",0,0,Warn,"Coupler_L Side Receive Charge Command,Sensor Off"
201119,Master CC-Link Module Error Or Warning,0,0,Warn,Master CC-Link Module Error Or Warning
201120,Electric Meter Communication Over Time,0,0,Warn,Electric Meter Communication Over Time
201121,IPC Get/Put CommanDownG(StageCode),0,0,Warn,IPC Get/Put CommanDownG(StageCode)
201122,IPC Get/Put CommanDownG( ActionCode),0,0,Warn,IPC Get/Put CommanDownG( ActionCode)
201123,"Stage Has CST,Can Not Execute Get Command(L Side)",0,0,Warn,"Stage Has CST,Can Not Execute Get Command(L Side)"
201124,"EQ Port No CST,Can Not Execute Get Command(L Side)",0,0,Warn,"EQ Port No CST,Can Not Execute Get Command(L Side)"
201125,"Stage Has CST,Can Not Execute Get Command(R Side)",0,0,Warn,"Stage Has CST,Can Not Execute Get Command(R Side)"
201126,"EQ Port No CST,Can Not Execute Get Command(R Side)",0,0,Warn,"EQ Port No CST,Can Not Execute Get Command(R Side)"
201127,"Stage No CST,Can Not Execute Put Command(L Side)",0,0,Warn,"Stage No CST,Can Not Execute Put Command(L Side)"
201128,"EQ Port Has CST,Can Not Execute Put Command(L Side)",0,0,Warn,"EQ Port Has CST,Can Not Execute Put Command(L Side)"
201129,"Stage No CST,Can Not Execute Put Command(R Side)",0,0,Warn,"Stage No CST,Can Not Execute Put Command(R Side)"
201130,"EQ Port Has CST,Can Not Execute Put Command(R Side)",0,0,Warn,"EQ Port Has CST,Can Not Execute Put Command(R Side)"
201131,IPC Get/Put Comman NG (Direction Code),0,0,Warn,IPC Get/Put Comman NG (Direction Code)
201132,"Vehicle Is Not Position,Can Not Accept IPC Command",0,0,Warn,"Vehicle Is Not Position,Can Not Accept IPC Command"
201133,"Hand Is Not In Work Home,Can Not Accept IPC Command",0,0,Warn,"Hand Is Not In Work Home,Can Not Accept IPC Command"
201134,"Servo On/Off Status Not Complete,Can Not Accept IPC Command",0,0,Warn,"Servo On/Off Status Not Complete,Can Not Accept IPC Command"
201135,"IPC Command Signal Residual,Can Not Accept New Command",0,0,Warn,"IPC Command Signal Residual,Can Not Accept New Command"
201136,"Hand Action,Can Not Accept IPC Command",0,0,Warn,"Hand Action,Can Not Accept IPC Command"
201137,IPC Get/Put Comman NG (Speed Code),0,0,Warn,IPC Get/Put Comman NG (Speed Code)
201138,"System Is Not Ready,Can Not Accept IPC Command",0,0,Warn,"System Is Not Ready,Can Not Accept IPC Command"
201139,"Hand Is Manual Mode,Can Not Accept IPC Command",0,0,Warn,"Hand Is Manual Mode,Can Not Accept IPC Command"
201140,"Hand Home Return,Can Not Accept IPC Command",0,0,Warn,"Hand Home Return,Can Not Accept IPC Command"
201141,"Alarm Report,T1 TimeOut",0,0,Warn,"Alarm Report,T1 TimeOut"
201142,"Hand Teaching Report,T1 TimeOut",0,0,Warn,"Hand Teaching Report,T1 TimeOut"
201143,"Vehicle Teaching Report,T1 TimeOut",0,0,Warn,"Vehicle Teaching Report,T1 TimeOut"
201144,"Hand Alignment Teching Report,T1 TimeOut",0,0,Warn,"Hand Alignment Teching Report,T1 TimeOut"
201145,Trun Wheel Motor Servo Off(FR Side),0,0,Warn,Trun Wheel Motor Servo Off(FR Side)
201146,Trun Wheel Motor Servo Off(FL Side),0,0,Warn,Trun Wheel Motor Servo Off(FL Side)
201147,Trun Wheel Motor Servo Off(BR Side),0,0,Warn,Trun Wheel Motor Servo Off(BR Side)
201148,Trun Wheel Motor Servo Off(BL Side),0,0,Warn,Trun Wheel Motor Servo Off(BL Side)
201149,Walker Wheel Motor Servo Off(FR Side),0,0,Warn,Walker Wheel Motor Servo Off(FR Side)
201150,Walker Wheel Motor Servo Off(FL Side),0,0,Warn,Walker Wheel Motor Servo Off(FL Side)
201151,Walker Wheel Motor Servo Off(BR Side),0,0,Warn,Walker Wheel Motor Servo Off(BR Side)
201152,Walker Wheel Motor Servo Off(BL Side),0,0,Warn,Walker Wheel Motor Servo Off(BL Side)
201153,IPC Order Car Wheel Servo Off,0,0,Warn,IPC Order Car Wheel Servo Off
201154,Hand Pause,0,0,Warn,Hand Pause
201155,Hand Decomposed Action Mode Use,0,0,Warn,Hand Decomposed Action Mode Use
201156,Stage And Direction Number Are Different,0,0,Warn,Stage And Direction Number Are Different
201157,Spare,0,0,Warn,Spare
201158,Spare,0,0,Warn,Spare
201159,Spare,0,0,Warn,Spare
201160,Hand Correct Amount Too Much(Positive Degrees),0,0,Warn,Hand Correct Amount Too Much(Positive Degrees)
201161,Hand Correct Amount Too Much(Negative Degrees),0,0,Warn,Hand Correct Amount Too Much(Negative Degrees)
201162,Hand Correct Amount Too Much(Positive Direction)(Slide),0,0,Warn,Hand Correct Amount Too Much(Positive Direction)(Slide)
201163,Hand Correct Amount Too Much(Negative Direction)(Slide),0,0,Warn,Hand Correct Amount Too Much(Negative Direction)(Slide)
201164,Hand Correct Amount Too Much(Positive Direction)(FR/BK),0,0,Warn,Hand Correct Amount Too Much(Positive Direction)(FR/BK)
201165,Hand Correct Amount Too Much(Negative Direction)(FR/BK),0,0,Warn,Hand Correct Amount Too Much(Negative Direction)(FR/BK)
201166,Electric Meter Communication Error,0,0,Warn,Electric Meter Communication Error
201167,Execute IPC Get/Put Command Time Out,0,0,Warn,Execute IPC Get/Put Command Time Out
201168,,0,0,Warn,
201169,,0,0,Warn,
201170,,0,0,Warn,
201171,,0,0,Warn,
201172,,0,0,Warn,
201173,,0,0,Warn,
201174,,0,0,Warn,
201175,,0,0,Warn,
201176,,0,0,Warn,
201177,,0,0,Warn,
201178,,0,0,Warn,
201179,,0,0,Warn,
201180,,0,0,Warn,
201181,,0,0,Warn,
201182,,0,0,Warn,
201183,,0,0,Warn,
201184,,0,0,Warn,
201185,,0,0,Warn,
201186,,0,0,Warn,
201187,,0,0,Warn,
201188,,0,0,Warn,
201189,,0,0,Warn,
201190,,0,0,Warn,
201191,,0,0,Warn,
201192,,0,0,Warn,
201193,,0,0,Warn,
201194,,0,0,Warn,
201195,,0,0,Warn,
201196,,0,0,Warn,
201197,,0,0,Warn,
201198,,0,0,Warn,
201199,,0,0,Warn,
201200,,0,0,Warn,
201201,,0,0,Warn,
201202,,0,0,Warn,
201203,,0,0,Warn,
201204,,0,0,Warn,
201205,,0,0,Warn,
201206,,0,0,Warn,
201207,,0,0,Warn,
201208,,0,0,Warn,
201209,,0,0,Warn,
201210,,0,0,Warn,
201211,,0,0,Warn,
201212,,0,0,Warn,
201213,,0,0,Warn,
201214,,0,0,Warn,
201215,,0,0,Warn,
201216,,0,0,Warn,
201217,,0,0,Warn,
201218,,0,0,Warn,
201219,,0,0,Warn,
201220,,0,0,Warn,
201221,,0,0,Warn,
201222,,0,0,Warn,
201223,,0,0,Warn,
201224,,0,0,Warn,
201225,,0,0,Warn,
201226,,0,0,Warn,
201227,,0,0,Warn,
201228,,0,0,Warn,
201229,,0,0,Warn,
201230,,0,0,Warn,
201231,,0,0,Warn,
201232,,0,0,Warn,
201233,,0,0,Warn,
201234,,0,0,Warn,
201235,,0,0,Warn,
201236,,0,0,Warn,
201237,,0,0,Warn,
201238,,0,0,Warn,
201239,,0,0,Warn,
201240,,0,0,Warn,
201241,,0,0,Warn,
201242,,0,0,Warn,
201243,,0,0,Warn,
201244,,0,0,Warn,
201245,,0,0,Warn,
201246,,0,0,Warn,
201247,,0,0,Warn,
201248,,0,0,Warn,
201249,,0,0,Warn,
201250,,0,0,Warn,
201251,,0,0,Warn,
201252,,0,0,Warn,
201253,,0,0,Warn,
201254,,0,0,Warn,
201255,,0,0,Warn,
201256,,0,0,Warn,
201257,,0,0,Warn,
201258,,0,0,Warn,
201259,,0,0,Warn,
201260,,0,0,Warn,
201261,,0,0,Warn,
201262,,0,0,Warn,
201263,,0,0,Warn,
201264,,0,0,Warn,
201265,,0,0,Warn,
201266,,0,0,Warn,
201267,,0,0,Warn,
201268,,0,0,Warn,
201269,,0,0,Warn,
201270,,0,0,Warn,
201271,,0,0,Warn,
201272,,0,0,Warn,
201273,,0,0,Warn,
201274,,0,0,Warn,
201275,,0,0,Warn,
201276,,0,0,Warn,
201277,,0,0,Warn,
201278,,0,0,Warn,
201279,,0,0,Warn,
201280,,0,0,Warn,
201281,,0,0,Warn,
201282,,0,0,Warn,
201283,,0,0,Warn,
201284,,0,0,Warn,
201285,,0,0,Warn,
201286,,0,0,Warn,
201287,,0,0,Warn,
201288,,0,0,Warn,
201289,,0,0,Warn,
201290,,0,0,Warn,
201291,,0,0,Warn,
201292,,0,0,Warn,
201293,,0,0,Warn,
201294,,0,0,Warn,
201295,,0,0,Warn,
201296,,0,0,Warn,
201297,,0,0,Warn,
201298,,0,0,Warn,
201299,,0,0,Warn,
201300,,0,0,Warn,
201301,,0,0,Warn,
201302,,0,0,Warn,
201303,,0,0,Warn,
201304,,0,0,Warn,
201305,,0,0,Warn,
201306,,0,0,Warn,
201307,,0,0,Warn,
201308,,0,0,Warn,
201309,,0,0,Warn,
201310,,0,0,Warn,
201311,,0,0,Warn,
201312,,0,0,Warn,
201313,,0,0,Warn,
201314,,0,0,Warn,
201315,,0,0,Warn,
201316,,0,0,Warn,
201317,,0,0,Warn,
201318,,0,0,Warn,
201319,,0,0,Warn,
201320,,0,0,Warn,
201321,,0,0,Warn,
201322,,0,0,Warn,
201323,,0,0,Warn,
201324,,0,0,Warn,
201325,,0,0,Warn,
201326,,0,0,Warn,
201327,,0,0,Warn,
201328,,0,0,Warn,
201329,,0,0,Warn,
201330,,0,0,Warn,
201331,,0,0,Warn,
201332,,0,0,Warn,
201333,,0,0,Warn,
201334,,0,0,Warn,
201335,,0,0,Warn,
201336,,0,0,Warn,
201337,,0,0,Warn,
201338,,0,0,Warn,
201339,,0,0,Warn,
201340,,0,0,Warn,
201341,,0,0,Warn,
201342,,0,0,Warn,
201343,,0,0,Warn,
201344,,0,0,Warn,
201345,,0,0,Warn,
201346,,0,0,Warn,
201347,,0,0,Warn,
201348,,0,0,Warn,
201349,,0,0,Warn,
201350,,0,0,Warn,
201351,,0,0,Warn,
201352,,0,0,Warn,
201353,,0,0,Warn,
201354,,0,0,Warn,
201355,,0,0,Warn,
201356,,0,0,Warn,
201357,,0,0,Warn,
201358,,0,0,Warn,
201359,,0,0,Warn,
201360,,0,0,Warn,
201361,,0,0,Warn,
201362,,0,0,Warn,
201363,,0,0,Warn,
201364,,0,0,Warn,
201365,,0,0,Warn,
201366,,0,0,Warn,
201367,,0,0,Warn,
201368,,0,0,Warn,
201369,,0,0,Warn,
201370,,0,0,Warn,
201371,,0,0,Warn,
201372,,0,0,Warn,
201373,,0,0,Warn,
201374,,0,0,Warn,
201375,,0,0,Warn,
201376,,0,0,Warn,
201377,,0,0,Warn,
201378,,0,0,Warn,
201379,,0,0,Warn,
201380,,0,0,Warn,
201381,,0,0,Warn,
201382,,0,0,Warn,
201383,,0,0,Warn,
201384,,0,0,Warn,
201385,,0,0,Warn,
201386,,0,0,Warn,
201387,,0,0,Warn,
201388,,0,0,Warn,
201389,,0,0,Warn,
201390,,0,0,Warn,
201391,,0,0,Warn,
201392,,0,0,Warn,
201393,,0,0,Warn,
201394,,0,0,Warn,
201395,,0,0,Warn,
201396,,0,0,Warn,
201397,,0,0,Warn,
201398,,0,0,Warn,
201399,,0,0,Warn,
201400,,0,0,Warn,
201401,,0,0,Warn,
201402,,0,0,Warn,
201403,,0,0,Warn,
201404,,0,0,Warn,
201405,,0,0,Warn,
201406,,0,0,Warn,
201407,,0,0,Warn,
201408,,0,0,Warn,
201409,,0,0,Warn,
201410,,0,0,Warn,
201411,,0,0,Warn,
201412,,0,0,Warn,
201413,,0,0,Warn,
201414,,0,0,Warn,
201415,,0,0,Warn,
201416,,0,0,Warn,
201417,,0,0,Warn,
201418,,0,0,Warn,
201419,,0,0,Warn,
201420,,0,0,Warn,
201421,,0,0,Warn,
201422,,0,0,Warn,
201423,,0,0,Warn,
201424,,0,0,Warn,
201425,,0,0,Warn,
201426,,0,0,Warn,
201427,,0,0,Warn,
201428,,0,0,Warn,
201429,,0,0,Warn,
201430,,0,0,Warn,
201431,,0,0,Warn,
201432,,0,0,Warn,
201433,,0,0,Warn,
201434,,0,0,Warn,
201435,,0,0,Warn,
201436,,0,0,Warn,
201437,,0,0,Warn,
201438,,0,0,Warn,
201439,,0,0,Warn,
201440,,0,0,Warn,
201441,,0,0,Warn,
201442,,0,0,Warn,
201443,,0,0,Warn,
201444,,0,0,Warn,
201445,,0,0,Warn,
201446,,0,0,Warn,
201447,,0,0,Warn,
201448,,0,0,Warn,
201449,,0,0,Warn,
201450,,0,0,Warn,
201451,,0,0,Warn,
201452,,0,0,Warn,
201453,,0,0,Warn,
201454,,0,0,Warn,
201455,,0,0,Warn,
201456,,0,0,Warn,
201457,,0,0,Warn,
201458,,0,0,Warn,
201459,,0,0,Warn,
201460,,0,0,Warn,
201461,,0,0,Warn,
201462,,0,0,Warn,
201463,,0,0,Warn,
201464,,0,0,Warn,
201465,,0,0,Warn,
201466,,0,0,Warn,
201467,,0,0,Warn,
201468,,0,0,Warn,
201469,,0,0,Warn,
201470,,0,0,Warn,
201471,,0,0,Warn,
201472,,0,0,Warn,
201473,,0,0,Warn,
201474,,0,0,Warn,
201475,,0,0,Warn,
201476,,0,0,Warn,
201477,,0,0,Warn,
201478,,0,0,Warn,
201479,,0,0,Warn,
201480,,0,0,Warn,
201481,,0,0,Warn,
201482,,0,0,Warn,
201483,,0,0,Warn,
201484,,0,0,Warn,
201485,,0,0,Warn,
201486,,0,0,Warn,
201487,,0,0,Warn,
201488,,0,0,Warn,
201489,,0,0,Warn,
201490,,0,0,Warn,
201491,,0,0,Warn,
201492,,0,0,Warn,
201493,,0,0,Warn,
201494,,0,0,Warn,
201495,,0,0,Warn,
201496,,0,0,Warn,
201497,,0,0,Warn,
201498,,0,0,Warn,
201499,,0,0,Warn,
201500,,0,0,Warn,
201501,,0,0,Warn,
201502,,0,0,Warn,
201503,,0,0,Warn,
201504,,0,0,Warn,
201505,,0,0,Warn,
201506,,0,0,Warn,
201507,,0,0,Warn,
201508,,0,0,Warn,
201509,,0,0,Warn,
201510,,0,0,Warn,
201511,,0,0,Warn,
201512,,0,0,Warn,
201513,,0,0,Warn,
201514,,0,0,Warn,
201515,,0,0,Warn,
201516,,0,0,Warn,
201517,,0,0,Warn,
201518,,0,0,Warn,
201519,,0,0,Warn,
201520,,0,0,Warn,
201521,,0,0,Warn,
201522,,0,0,Warn,
201523,,0,0,Warn,
201524,,0,0,Warn,
201525,,0,0,Warn,
201526,,0,0,Warn,
201527,,0,0,Warn,
201528,,0,0,Warn,
201529,,0,0,Warn,
201530,,0,0,Warn,
201531,,0,0,Warn,
201532,,0,0,Warn,
201533,,0,0,Warn,
201534,,0,0,Warn,
201535,,0,0,Warn,
201536,,0,0,Warn,
201537,,0,0,Warn,
201538,,0,0,Warn,
201539,,0,0,Warn,
201540,,0,0,Warn,
201541,,0,0,Warn,
201542,,0,0,Warn,
201543,,0,0,Warn,
201544,,0,0,Warn,
201545,,0,0,Warn,
201546,,0,0,Warn,
201547,,0,0,Warn,
201548,,0,0,Warn,
201549,,0,0,Warn,
201550,,0,0,Warn,
201551,,0,0,Warn,
201552,,0,0,Warn,
201553,,0,0,Warn,
201554,,0,0,Warn,
201555,,0,0,Warn,
201556,,0,0,Warn,
201557,,0,0,Warn,
201558,,0,0,Warn,
201559,,0,0,Warn,
201560,,0,0,Warn,
201561,,0,0,Warn,
201562,,0,0,Warn,
201563,,0,0,Warn,
201564,,0,0,Warn,
201565,,0,0,Warn,
201566,,0,0,Warn,
201567,,0,0,Warn,
201568,,0,0,Warn,
201569,,0,0,Warn,
201570,,0,0,Warn,
201571,,0,0,Warn,
201572,,0,0,Warn,
201573,,0,0,Warn,
201574,,0,0,Warn,
201575,,0,0,Warn,
201576,,0,0,Warn,
201577,,0,0,Warn,
201578,,0,0,Warn,
201579,,0,0,Warn,
201580,,0,0,Warn,
201581,,0,0,Warn,
201582,,0,0,Warn,
201583,,0,0,Warn,
201584,,0,0,Warn,
201585,,0,0,Warn,
201586,,0,0,Warn,
201587,,0,0,Warn,
201588,,0,0,Warn,
201589,,0,0,Warn,
201590,,0,0,Warn,
201591,,0,0,Warn,
201592,,0,0,Warn,
201593,,0,0,Warn,
201594,,0,0,Warn,
201595,,0,0,Warn,
201596,,0,0,Warn,
201597,,0,0,Warn,
201598,,0,0,Warn,
201599,,0,0,Warn,
201600,,0,0,Warn,
201601,,0,0,Warn,
201602,,0,0,Warn,
201603,,0,0,Warn,
201604,,0,0,Warn,
201605,,0,0,Warn,
201606,,0,0,Warn,
201607,,0,0,Warn,
201608,,0,0,Warn,
201609,,0,0,Warn,
201610,,0,0,Warn,
201611,,0,0,Warn,
201612,,0,0,Warn,
201613,,0,0,Warn,
201614,,0,0,Warn,
201615,,0,0,Warn,
201616,,0,0,Warn,
201617,,0,0,Warn,
201618,,0,0,Warn,
201619,,0,0,Warn,
201620,,0,0,Warn,
201621,,0,0,Warn,
201622,,0,0,Warn,
201623,,0,0,Warn,
201624,,0,0,Warn,
201625,,0,0,Warn,
201626,,0,0,Warn,
201627,,0,0,Warn,
201628,,0,0,Warn,
201629,,0,0,Warn,
201630,,0,0,Warn,
201631,,0,0,Warn,
201632,,0,0,Warn,
201633,,0,0,Warn,
201634,,0,0,Warn,
201635,,0,0,Warn,
201636,,0,0,Warn,
201637,,0,0,Warn,
201638,,0,0,Warn,
201639,,0,0,Warn,
201640,,0,0,Warn,
201641,,0,0,Warn,
201642,,0,0,Warn,
201643,,0,0,Warn,
201644,,0,0,Warn,
201645,,0,0,Warn,
201646,,0,0,Warn,
201647,,0,0,Warn,
201648,,0,0,Warn,
201649,,0,0,Warn,
201650,,0,0,Warn,
201651,,0,0,Warn,
201652,,0,0,Warn,
201653,,0,0,Warn,
201654,,0,0,Warn,
201655,,0,0,Warn,
201656,,0,0,Warn,
201657,,0,0,Warn,
201658,,0,0,Warn,
201659,,0,0,Warn,
201660,,0,0,Warn,
201661,,0,0,Warn,
201662,,0,0,Warn,
201663,,0,0,Warn,
201664,,0,0,Warn,
201665,,0,0,Warn,
201666,,0,0,Warn,
201667,,0,0,Warn,
201668,,0,0,Warn,
201669,,0,0,Warn,
201670,,0,0,Warn,
201671,,0,0,Warn,
201672,,0,0,Warn,
201673,,0,0,Warn,
201674,,0,0,Warn,
201675,,0,0,Warn,
201676,,0,0,Warn,
201677,,0,0,Warn,
201678,,0,0,Warn,
201679,,0,0,Warn,
201680,,0,0,Warn,
201681,,0,0,Warn,
201682,,0,0,Warn,
201683,,0,0,Warn,
201684,,0,0,Warn,
201685,,0,0,Warn,
201686,,0,0,Warn,
201687,,0,0,Warn,
201688,,0,0,Warn,
201689,,0,0,Warn,
201690,,0,0,Warn,
201691,,0,0,Warn,
201692,,0,0,Warn,
201693,,0,0,Warn,
201694,,0,0,Warn,
201695,,0,0,Warn,
201696,,0,0,Warn,
201697,,0,0,Warn,
201698,,0,0,Warn,
201699,,0,0,Warn,
201700,AlreadyHaveCmd,0,0,Warn,AlreadyHaveCmd
201701,LowPowerCharging,0,0,Warn,LowPowerCharging
201702,LoadingOff,0,0,Warn,LoadingOff
201703,CarrierIdReadFail,0,0,Warn,CarrierIdReadFail
201704,CarrierIdIsError,0,0,Warn,CarrierIdIsError
201705,MoveFinishFail,0,0,Warn,MoveFinishFail
201706,LoadingOn,0,0,Warn,LoadingOn
201707,ForkCommandExist,0,0,Warn,ForkCommandExist
201708,VehicleCannotUnload,0,0,Warn,VehicleCannotUnload
201709,ForkCommandExist,0,0,Warn,ForkCommandExist
201710,PositionLostWithCmd,0,0,Warn,PositionLostWithCmd
201711,ChargeDirectionError,0,0,Warn,ChargeDirectionError
201712,StartChargeTimeout,0,0,Warn,StartChargeTimeout
201713,VehicleCannotload,0,0,Warn,VehicleCannotload
201714,AlreadyHaveCst,0,0,Warn,AlreadyHaveCst
201715,NoCstToUnload,0,0,Warn,NoCstToUnload
201716,MapCheckFail,0,0,Warn,MapCheckFail
201717,IsNotTransferCannotOverride,0,0,Warn,IsNotTransferCannotOverride
201718,IsNotMoveStepCannotOverride,0,0,Warn,IsNotMoveStepCannotOverride
201719,IsNotPauseCannotOverride,0,0,Warn,IsNotPauseCannotOverride
201720,OverrideUnloadAddressUnmatch,0,0,Warn,OverrideUnloadAddressUnmatch
201721,OverrideLoadAddressUnmatch,0,0,Warn,OverrideLoadAddressUnmatch
201722,OverrideToUnloadIsEmpty,0,0,Warn,OverrideToUnloadIsEmpty
201723,OverrideToLoadIsEmpty,0,0,Warn,OverrideToLoadIsEmpty
201724,CheckOverrideException,0,0,Warn,CheckOverrideException
201725,CarrierIdMisMatch,0,0,Warn,CarrierIdMisMatch
201726,IsCarrierIdReadReplyTimeout,0,0,Warn,IsCarrierIdReadReplyTimeout
201727,VehicleHasAlarm,0,0,Warn,VehicleHasAlarm
201728,ManualToAutoFail,0,0,Warn,ManualToAutoFail
201729,ManualToAutoFail,0,0,Warn,ManualToAutoFail
201730,IsNotTransferCannotAvoid,0,0,Warn,IsNotTransferCannotAvoid
201731,IsNotMoveStepCannotAvoid,0,0,Warn,IsNotMoveStepCannotAvoid
201732,IsNotPauseCannotAvoid,0,0,Warn,IsNotPauseCannotAvoid
201733,CheckAvoidException,0,0,Warn,CheckAvoidException
201734,Send PLC to Stop AGV,0,0,Warn,Send PLC to Stop AGV
201735,Reserve : Get Reserve with MoveControl Idle,0,0,Warn,Reserve : Get Reserve with MoveControl Idle
201736,Reserve : Get Reserve position not math,0,0,Warn,Reserve : Get Reserve position not math
201737,STurn : AGV turning with GroupTurn not Ready,0,0,Warn,STurn : AGV turning with GroupTurn not Ready
201738,MotionDriver Axis Error,0,0,Warn,MotionDriver Axis Error
201739,MotionDriver Axis XFL Error,0,0,Warn,MotionDriver Axis XFL Error
201740,MotionDriver Axis XFR Error,0,0,Warn,MotionDriver Axis XFR Error
201741,MotionDriver Axis XRL Error,0,0,Warn,MotionDriver Axis XRL Error
201742,MotionDriver Axis XRR Error,0,0,Warn,MotionDriver Axis XRR Error
201743,MotionDriver Axis TFL Error,0,0,Warn,MotionDriver Axis TFL Error
201744,MotionDriver Axis TFR Error,0,0,Warn,MotionDriver Axis TFR Error
201745,MotionDriver Axis TRL Error,0,0,Warn,MotionDriver Axis TRL Error
201746,MotionDriver Axis TRR Error,0,0,Warn,MotionDriver Axis TRR Error
201747,MotionDriver Axis VXFL Error,0,0,Warn,MotionDriver Axis VXFL Error
201748,MotionDriver Axis VXFR Error,0,0,Warn,MotionDriver Axis VXFR Error
201749,MotionDriver Axis VXRL Error,0,0,Warn,MotionDriver Axis VXRL Error
201750,MotionDriver Axis VXRR Error,0,0,Warn,MotionDriver Axis VXRR Error
201751,MotionDriver Axis VTFL Error,0,0,Warn,MotionDriver Axis VTFL Error
201752,MotionDriver Axis VTFR Error,0,0,Warn,MotionDriver Axis VTFR Error
201753,MotionDriver Axis VTRL Error,0,0,Warn,MotionDriver Axis VTRL Error
201754,MotionDriver Axis VTRR Error,0,0,Warn,MotionDriver Axis VTRR Error
201755,MotionDriver Axis GX Error,0,0,Warn,MotionDriver Axis GX Error
201756,MotionDriver Axis GT Error,0,0,Warn,MotionDriver Axis GT Error
201757,LocateDriver_SR2000 LON Exception,0,0,Warn,LocateDriver_SR2000 LON Exception
201758,LocateDriver_SLAM_Sick wrong locate,0,0,Warn,LocateDriver_SLAM_Sick wrong locate
201759,CreateMoveCommandList Fail,0,0,Warn,CreateMoveCommandList Fail
201760,Can't Override : Can't Pause now,0,0,Warn,Can't Override : Can't Pause now
201761,Can't Auto : MoveControl Status is not Idle,0,0,Warn,Can't Auto : MoveControl Status is not Idle
201762,Can't Auto : Motion Driver Disconnect,0,0,Warn,Can't Auto : Motion Driver Disconnect
201763,Can't Auto : MoveCommandControl Intail Fail,0,0,Warn,Can't Auto : MoveCommandControl Intail Fail
201764,Can't Auto : Closing program,0,0,Warn,Can't Auto : Closing program
201765,Can't Auto : Axis Error,0,0,Warn,Can't Auto : Axis Error
201766,Can't Auto : Wait ResetAlarm Finish,0,0,Warn,Can't Auto : Wait ResetAlarm Finish
201767,Can't Auto : JogPitch Action,0,0,Warn,Can't Auto : JogPitch Action
201768,Can't Auto : LocateControl Intail Fail,0,0,Warn,Can't Auto : LocateControl Intail Fail
201769,Can't Auto : Locate Driver Disconnect,0,0,Warn,Can't Auto : Locate Driver Disconnect
201770,Can't Auto : Locate Driver Error,0,0,Warn,Can't Auto : Locate Driver Error
201771,Can't Auto : AutoAction Fail,0,0,Warn,Can't Auto : AutoAction Fail
201772,Reject Move Command : MovecmdInfo data error,0,0,Warn,Reject Move Command : MovecmdInfo data error
201773,Reject Move Command : Closing Program,0,0,Warn,Reject Move Command : Closing Program
201774,Reject Move Command : MoveControl Status is not Idle,0,0,Warn,Reject Move Command : MoveControl Status is not Idle
201775,Reject Move Command : Charging,0,0,Warn,Reject Move Command : Charging
201776,Reject Move Command : Fork isn't in home Status,0,0,Warn,Reject Move Command : Fork isn't in home Status
201777,Reject Move Command : MoveControl driver disconnect,0,0,Warn,Reject Move Command : MoveControl driver disconnect
201778,Reject Move Commandmiddler : No current coordinates,0,0,Warn,Reject Move Commandmiddler : No current coordinates
201779,Reject Move Command : Not is start position,0,0,Warn,Reject Move Command : Not is start position
201780,Reject Move Command : Not is start AGV angle,0,0,Warn,Reject Move Command : Not is start AGV angle
201781,Reject Move Command : in cancel flow,0,0,Warn,Reject Move Command : in cancel flow
201782,Reject Move Command : in AutoRetry flow,0,0,Warn,Reject Move Command : in AutoRetry flow
201783,Can't Reset Alarm : Main Flow Exception,0,0,Warn,Can't Reset Alarm : Main Flow Exception
201784,Can't Reset Alarm : stop in turn flow,0,0,Warn,Can't Reset Alarm : stop in turn flow
201785,Can't Reset Alarm : vehicle not in section,0,0,Warn,Can't Reset Alarm : vehicle not in section
201786,Can't Reset Alarm : Locate Control Error,0,0,Warn,Can't Reset Alarm : Locate Control Error
201787,Can't Reset Alarm : Motion Control Error,0,0,Warn,Can't Reset Alarm : Motion Control Error
201788,Can't AutoReset : Special Alarm,0,0,Warn,Can't AutoReset : Special Alarm
201789,Batterys Charging Time Out,0,0,Warn,Batterys Charging Time Out
201790,,0,0,Warn,
201791,,0,0,Warn,
201792,,0,0,Warn,
201793,,0,0,Warn,
201794,,0,0,Warn,
201795,,0,0,Warn,
201796,,0,0,Warn,
201797,,0,0,Warn,
201798,,0,0,Warn,
201799,,0,0,Warn,
201800,,0,0,Warn,
201801,,0,0,Warn,
201802,,0,0,Warn,
201803,,0,0,Warn,
201804,,0,0,Warn,
201805,,0,0,Warn,
201806,,0,0,Warn,
201807,,0,0,Warn,
201808,,0,0,Warn,
201809,,0,0,Warn,
201810,,0,0,Warn,
201811,,0,0,Warn,
201812,,0,0,Warn,
201813,,0,0,Warn,
201814,,0,0,Warn,
201815,,0,0,Warn,
201816,,0,0,Warn,
201817,,0,0,Warn,
201818,,0,0,Warn,
201819,,0,0,Warn,
201820,,0,0,Warn,
201821,,0,0,Warn,
201822,,0,0,Warn,
201823,,0,0,Warn,
201824,,0,0,Warn,
201825,,0,0,Warn,
201826,,0,0,Warn,
201827,,0,0,Warn,
201828,,0,0,Warn,
201829,,0,0,Warn,
201830,,0,0,Warn,
201831,,0,0,Warn,
201832,,0,0,Warn,
201833,,0,0,Warn,
201834,,0,0,Warn,
201835,,0,0,Warn,
201836,,0,0,Warn,
201837,,0,0,Warn,
201838,,0,0,Warn,
201839,,0,0,Warn,
201840,,0,0,Warn,
201841,,0,0,Warn,
201842,,0,0,Warn,
201843,,0,0,Warn,
201844,,0,0,Warn,
201845,,0,0,Warn,
201846,,0,0,Warn,
201847,,0,0,Warn,
201848,,0,0,Warn,
201849,,0,0,Warn,
201850,,0,0,Warn,
201851,,0,0,Warn,
201852,,0,0,Warn,
201853,,0,0,Warn,
201854,,0,0,Warn,
201855,,0,0,Warn,
201856,,0,0,Warn,
201857,,0,0,Warn,
201858,,0,0,Warn,
201859,,0,0,Warn,
201860,,0,0,Warn,
201861,,0,0,Warn,
201862,,0,0,Warn,
201863,,0,0,Warn,
201864,,0,0,Warn,
201865,,0,0,Warn,
201866,,0,0,Warn,
201867,,0,0,Warn,
201868,,0,0,Warn,
201869,,0,0,Warn,
201870,,0,0,Warn,
201871,,0,0,Warn,
201872,,0,0,Warn,
201873,,0,0,Warn,
201874,,0,0,Warn,
201875,,0,0,Warn,
201876,,0,0,Warn,
201877,,0,0,Warn,
201878,,0,0,Warn,
201879,,0,0,Warn,
201880,,0,0,Warn,
201881,,0,0,Warn,
201882,,0,0,Warn,
201883,,0,0,Warn,
201884,,0,0,Warn,
201885,,0,0,Warn,
201886,,0,0,Warn,
201887,,0,0,Warn,
201888,,0,0,Warn,
201889,,0,0,Warn,
201890,,0,0,Warn,
201891,,0,0,Warn,
201892,,0,0,Warn,
201893,,0,0,Warn,
201894,,0,0,Warn,
201895,,0,0,Warn,
201896,,0,0,Warn,
201897,,0,0,Warn,
201898,,0,0,Warn,
201899,,0,0,Warn,
201900,,0,0,Warn,
201901,,0,0,Warn,
201902,,0,0,Warn,
201903,,0,0,Warn,
201904,,0,0,Warn,
201905,,0,0,Warn,
201906,,0,0,Warn,
201907,,0,0,Warn,
201908,,0,0,Warn,
201909,,0,0,Warn,
201910,,0,0,Warn,
201911,,0,0,Warn,
201912,,0,0,Warn,
201913,,0,0,Warn,
201914,,0,0,Warn,
201915,,0,0,Warn,
201916,,0,0,Warn,
201917,,0,0,Warn,
201918,,0,0,Warn,
201919,,0,0,Warn,
201920,,0,0,Warn,
201921,,0,0,Warn,
201922,,0,0,Warn,
201923,,0,0,Warn,
201924,,0,0,Warn,
201925,,0,0,Warn,
201926,,0,0,Warn,
201927,,0,0,Warn,
201928,,0,0,Warn,
201929,,0,0,Warn,
201930,,0,0,Warn,
201931,,0,0,Warn,
201932,,0,0,Warn,
201933,,0,0,Warn,
201934,,0,0,Warn,
201935,,0,0,Warn,
201936,,0,0,Warn,
201937,,0,0,Warn,
201938,,0,0,Warn,
201939,,0,0,Warn,
201940,,0,0,Warn,
201941,,0,0,Warn,
201942,,0,0,Warn,
201943,,0,0,Warn,
201944,,0,0,Warn,
201945,,0,0,Warn,
201946,,0,0,Warn,
201947,,0,0,Warn,
201948,,0,0,Warn,
201949,,0,0,Warn,
201950,,0,0,Warn,
201951,,0,0,Warn,
201952,,0,0,Warn,
201953,,0,0,Warn,
201954,,0,0,Warn,
201955,,0,0,Warn,
201956,,0,0,Warn,
201957,,0,0,Warn,
201958,,0,0,Warn,
201959,,0,0,Warn,
201960,,0,0,Warn,
201961,,0,0,Warn,
201962,,0,0,Warn,
201963,,0,0,Warn,
201964,,0,0,Warn,
201965,,0,0,Warn,
201966,,0,0,Warn,
201967,,0,0,Warn,
201968,,0,0,Warn,
201969,,0,0,Warn,
201970,,0,0,Warn,
201971,,0,0,Warn,
201972,,0,0,Warn,
201973,,0,0,Warn,
201974,,0,0,Warn,
201975,,0,0,Warn,
201976,,0,0,Warn,
201977,,0,0,Warn,
201978,,0,0,Warn,
201979,,0,0,Warn,
201980,,0,0,Warn,
201981,,0,0,Warn,
201982,,0,0,Warn,
201983,,0,0,Warn,
201984,,0,0,Warn,
201985,,0,0,Warn,
201986,,0,0,Warn,
201987,,0,0,Warn,
201988,,0,0,Warn,
201989,,0,0,Warn,
201990,,0,0,Warn,
201991,,0,0,Warn,
201992,,0,0,Warn,
201993,,0,0,Warn,
201994,,0,0,Warn,
201995,,0,0,Warn,
201996,,0,0,Warn,
201997,,0,0,Warn,
201998,,0,0,Warn,
201999,,0,0,Warn,
202000,,0,0,Warn,
202001,,0,0,Warn,
202002,,0,0,Warn,
202003,,0,0,Warn,
202004,,0,0,Warn,
202005,,0,0,Warn,
202006,,0,0,Warn,
202007,,0,0,Warn,
202008,,0,0,Warn,
202009,,0,0,Warn,
202010,,0,0,Warn,
202011,,0,0,Warn,
202012,,0,0,Warn,
202013,,0,0,Warn,
202014,,0,0,Warn,
202015,,0,0,Warn,
202016,,0,0,Warn,
202017,,0,0,Warn,
202018,,0,0,Warn,
202019,,0,0,Warn,
202020,,0,0,Warn,
202021,,0,0,Warn,
202022,,0,0,Warn,
202023,,0,0,Warn,
202024,,0,0,Warn,
202025,,0,0,Warn,
202026,,0,0,Warn,
202027,,0,0,Warn,
202028,,0,0,Warn,
202029,,0,0,Warn,
202030,,0,0,Warn,
202031,,0,0,Warn,
202032,,0,0,Warn,
202033,,0,0,Warn,
202034,,0,0,Warn,
202035,,0,0,Warn,
202036,,0,0,Warn,
202037,,0,0,Warn,
202038,,0,0,Warn,
202039,,0,0,Warn,
202040,,0,0,Warn,
202041,,0,0,Warn,
202042,,0,0,Warn,
202043,,0,0,Warn,
202044,,0,0,Warn,
202045,,0,0,Warn,
202046,,0,0,Warn,
202047,,0,0,Warn,
202048,,0,0,Warn,
202049,,0,0,Warn,
202050,,0,0,Warn,
202051,,0,0,Warn,
202052,,0,0,Warn,
202053,,0,0,Warn,
202054,,0,0,Warn,
202055,,0,0,Warn,
202056,,0,0,Warn,
202057,,0,0,Warn,
202058,,0,0,Warn,
202059,,0,0,Warn,
202060,,0,0,Warn,
202061,,0,0,Warn,
202062,,0,0,Warn,
202063,,0,0,Warn,
202064,,0,0,Warn,
202065,,0,0,Warn,
202066,,0,0,Warn,
202067,,0,0,Warn,
202068,,0,0,Warn,
202069,,0,0,Warn,
202070,,0,0,Warn,
202071,,0,0,Warn,
202072,,0,0,Warn,
202073,,0,0,Warn,
202074,,0,0,Warn,
202075,,0,0,Warn,
202076,,0,0,Warn,
202077,,0,0,Warn,
202078,,0,0,Warn,
202079,,0,0,Warn,
202080,,0,0,Warn,
202081,,0,0,Warn,
202082,,0,0,Warn,
202083,,0,0,Warn,
202084,,0,0,Warn,
202085,,0,0,Warn,
202086,,0,0,Warn,
202087,,0,0,Warn,
202088,,0,0,Warn,
202089,,0,0,Warn,
202090,,0,0,Warn,
202091,,0,0,Warn,
202092,,0,0,Warn,
202093,,0,0,Warn,
202094,,0,0,Warn,
202095,,0,0,Warn,
202096,,0,0,Warn,
202097,,0,0,Warn,
202098,,0,0,Warn,
202099,,0,0,Warn,
202100,,0,0,Warn,
202101,,0,0,Warn,
202102,,0,0,Warn,
202103,,0,0,Warn,
202104,,0,0,Warn,
202105,,0,0,Warn,
202106,,0,0,Warn,
202107,,0,0,Warn,
202108,,0,0,Warn,
202109,,0,0,Warn,
202110,,0,0,Warn,
202111,,0,0,Warn,
202112,,0,0,Warn,
202113,,0,0,Warn,
202114,,0,0,Warn,
202115,,0,0,Warn,
202116,,0,0,Warn,
202117,,0,0,Warn,
202118,,0,0,Warn,
202119,,0,0,Warn,
202120,,0,0,Warn,
202121,,0,0,Warn,
202122,,0,0,Warn,
202123,,0,0,Warn,
202124,,0,0,Warn,
202125,,0,0,Warn,
202126,,0,0,Warn,
202127,,0,0,Warn,
202128,,0,0,Warn,
202129,,0,0,Warn,
202130,,0,0,Warn,
202131,,0,0,Warn,
202132,,0,0,Warn,
202133,,0,0,Warn,
202134,,0,0,Warn,
202135,,0,0,Warn,
202136,,0,0,Warn,
202137,,0,0,Warn,
202138,,0,0,Warn,
202139,,0,0,Warn,
202140,,0,0,Warn,
202141,,0,0,Warn,
202142,,0,0,Warn,
202143,,0,0,Warn,
202144,,0,0,Warn,
202145,,0,0,Warn,
202146,,0,0,Warn,
202147,,0,0,Warn,
202148,,0,0,Warn,
202149,,0,0,Warn,
202150,,0,0,Warn,
202151,,0,0,Warn,
202152,,0,0,Warn,
202153,,0,0,Warn,
202154,,0,0,Warn,
202155,,0,0,Warn,
202156,,0,0,Warn,
202157,,0,0,Warn,
202158,,0,0,Warn,
202159,,0,0,Warn,
202160,,0,0,Warn,
202161,,0,0,Warn,
202162,,0,0,Warn,
202163,,0,0,Warn,
202164,,0,0,Warn,
202165,,0,0,Warn,
202166,,0,0,Warn,
202167,,0,0,Warn,
202168,,0,0,Warn,
202169,,0,0,Warn,
202170,,0,0,Warn,
202171,,0,0,Warn,
202172,,0,0,Warn,
202173,,0,0,Warn,
202174,,0,0,Warn,
202175,,0,0,Warn,
202176,,0,0,Warn,
202177,,0,0,Warn,
202178,,0,0,Warn,
202179,,0,0,Warn,
202180,,0,0,Warn,
202181,,0,0,Warn,
202182,,0,0,Warn,
202183,,0,0,Warn,
202184,,0,0,Warn,
202185,,0,0,Warn,
202186,,0,0,Warn,
202187,,0,0,Warn,
202188,,0,0,Warn,
202189,,0,0,Warn,
202190,,0,0,Warn,
202191,,0,0,Warn,
202192,,0,0,Warn,
202193,,0,0,Warn,
202194,,0,0,Warn,
202195,,0,0,Warn,
202196,,0,0,Warn,
202197,,0,0,Warn,
202198,,0,0,Warn,
202199,,0,0,Warn,
202200,,0,0,Warn,
202201,,0,0,Warn,
202202,,0,0,Warn,
202203,,0,0,Warn,
202204,,0,0,Warn,
202205,,0,0,Warn,
202206,,0,0,Warn,
202207,,0,0,Warn,
202208,,0,0,Warn,
202209,,0,0,Warn,
202210,,0,0,Warn,
202211,,0,0,Warn,
202212,,0,0,Warn,
202213,,0,0,Warn,
202214,,0,0,Warn,
202215,,0,0,Warn,
202216,,0,0,Warn,
202217,,0,0,Warn,
202218,,0,0,Warn,
202219,,0,0,Warn,
202220,,0,0,Warn,
202221,,0,0,Warn,
202222,,0,0,Warn,
202223,,0,0,Warn,
202224,,0,0,Warn,
202225,,0,0,Warn,
202226,,0,0,Warn,
202227,,0,0,Warn,
202228,,0,0,Warn,
202229,,0,0,Warn,
202230,,0,0,Warn,
202231,,0,0,Warn,
202232,,0,0,Warn,
202233,,0,0,Warn,
202234,,0,0,Warn,
202235,,0,0,Warn,
202236,,0,0,Warn,
202237,,0,0,Warn,
202238,,0,0,Warn,
202239,,0,0,Warn,
202240,,0,0,Warn,
202241,,0,0,Warn,
202242,,0,0,Warn,
202243,,0,0,Warn,
202244,,0,0,Warn,
202245,,0,0,Warn,
202246,,0,0,Warn,
202247,,0,0,Warn,
202248,,0,0,Warn,
202249,,0,0,Warn,
202250,,0,0,Warn,
202251,,0,0,Warn,
202252,,0,0,Warn,
202253,,0,0,Warn,
202254,,0,0,Warn,
202255,,0,0,Warn,
202256,,0,0,Warn,
202257,,0,0,Warn,
202258,,0,0,Warn,
202259,,0,0,Warn,
202260,,0,0,Warn,
202261,,0,0,Warn,
202262,,0,0,Warn,
202263,,0,0,Warn,
202264,,0,0,Warn,
202265,,0,0,Warn,
202266,,0,0,Warn,
202267,,0,0,Warn,
202268,,0,0,Warn,
202269,,0,0,Warn,
202270,,0,0,Warn,
202271,,0,0,Warn,
202272,,0,0,Warn,
202273,,0,0,Warn,
202274,,0,0,Warn,
202275,,0,0,Warn,
202276,,0,0,Warn,
202277,,0,0,Warn,
202278,,0,0,Warn,
202279,,0,0,Warn,
202280,,0,0,Warn,
202281,,0,0,Warn,
202282,,0,0,Warn,
202283,,0,0,Warn,
202284,,0,0,Warn,
202285,,0,0,Warn,
202286,,0,0,Warn,
202287,,0,0,Warn,
202288,,0,0,Warn,
202289,,0,0,Warn,
202290,,0,0,Warn,
202291,,0,0,Warn,
202292,,0,0,Warn,
202293,,0,0,Warn,
202294,,0,0,Warn,
202295,,0,0,Warn,
202296,,0,0,Warn,
202297,,0,0,Warn,
202298,,0,0,Warn,
202299,,0,0,Warn,
202300,,0,0,Warn,
202301,,0,0,Warn,
202302,,0,0,Warn,
202303,,0,0,Warn,
202304,,0,0,Warn,
202305,,0,0,Warn,
202306,,0,0,Warn,
202307,,0,0,Warn,
202308,,0,0,Warn,
202309,,0,0,Warn,
202310,,0,0,Warn,
202311,,0,0,Warn,
202312,,0,0,Warn,
202313,,0,0,Warn,
202314,,0,0,Warn,
202315,,0,0,Warn,
202316,,0,0,Warn,
202317,,0,0,Warn,
202318,,0,0,Warn,
202319,,0,0,Warn,
202320,,0,0,Warn,
202321,,0,0,Warn,
202322,,0,0,Warn,
202323,,0,0,Warn,
202324,,0,0,Warn,
202325,,0,0,Warn,
202326,,0,0,Warn,
202327,,0,0,Warn,
202328,,0,0,Warn,
202329,,0,0,Warn,
202330,,0,0,Warn,
202331,,0,0,Warn,
202332,,0,0,Warn,
202333,,0,0,Warn,
202334,,0,0,Warn,
202335,,0,0,Warn,
202336,,0,0,Warn,
202337,,0,0,Warn,
202338,,0,0,Warn,
202339,,0,0,Warn,
202340,,0,0,Warn,
202341,,0,0,Warn,
202342,,0,0,Warn,
202343,,0,0,Warn,
202344,,0,0,Warn,
202345,,0,0,Warn,
202346,,0,0,Warn,
202347,,0,0,Warn,
202348,,0,0,Warn,
202349,,0,0,Warn,
202350,,0,0,Warn,
202351,,0,0,Warn,
202352,,0,0,Warn,
202353,,0,0,Warn,
202354,,0,0,Warn,
202355,,0,0,Warn,
202356,,0,0,Warn,
202357,,0,0,Warn,
202358,,0,0,Warn,
202359,,0,0,Warn,
202360,,0,0,Warn,
202361,,0,0,Warn,
202362,,0,0,Warn,
202363,,0,0,Warn,
202364,,0,0,Warn,
202365,,0,0,Warn,
202366,,0,0,Warn,
202367,,0,0,Warn,
202368,,0,0,Warn,
202369,,0,0,Warn,
202370,,0,0,Warn,
202371,,0,0,Warn,
202372,,0,0,Warn,
202373,,0,0,Warn,
202374,,0,0,Warn,
202375,,0,0,Warn,
202376,,0,0,Warn,
202377,,0,0,Warn,
202378,,0,0,Warn,
202379,,0,0,Warn,
202380,,0,0,Warn,
202381,,0,0,Warn,
202382,,0,0,Warn,
202383,,0,0,Warn,
202384,,0,0,Warn,
202385,,0,0,Warn,
202386,,0,0,Warn,
202387,,0,0,Warn,
202388,,0,0,Warn,
202389,,0,0,Warn,
202390,,0,0,Warn,
202391,,0,0,Warn,
202392,,0,0,Warn,
202393,,0,0,Warn,
202394,,0,0,Warn,
202395,,0,0,Warn,
202396,,0,0,Warn,
202397,,0,0,Warn,
202398,,0,0,Warn,
202399,,0,0,Warn,